"","kepoi_name","kepler_name","koi_disposition","koi_period","koi_impact","koi_duration","koi_depth","koi_ror","koi_srho","koi_prad","koi_sma","koi_teq","koi_insol","koi_dor","koi_model_snr","koi_count","koi_steff","koi_slogg","koi_smet","koi_srad","koi_smass","Y_habitable"
"2020","K03038.01","Kepler-1416 b","CONFIRMED",1.49514952,0.0172,3.11,54.9,0.006728,0.4439,0.86,0.0248,1727,2103.03,3.743,13.3,1,5710,4.262,-0.1,1.166,0.906,0
"1524","K02045.02","Kepler-354 d","CONFIRMED",24.2102171,0.4147,4.414,444,0.019096,1.91598,1.47,0.1459,451,9.8,39,12.9,3,4650,4.589,-0.04,0.706,0.704,0
"89","K00148.03","Kepler-48 d","CONFIRMED",42.89605505,0.028,5.625,591,0.021677,2.16576,2.02,0.2365,443,9.14,59.5,67.2,3,5296,4.558,0.3,0.852,0.955,0
"1822","K02529.02","Kepler-436 b","CONFIRMED",64.001151,0.756,4.481,1160,0.033987,2.10645,1.9,0.2502,271,1.28,77,12.8,2,4299,4.728,-0.96,0.511,0.508,1
"1573","K02103.01","Kepler-1098 b","CONFIRMED",2.543072855,0.0445,2.7494,166,0.011738,1.07652,1.13,0.0346,1280,634.16,7.166,27,2,5753,4.479,-0.34,0.88,0.852,0
"1251","K01647.02","Kepler-313 c","CONFIRMED",32.2752118,0.5112,7.066,240,0.014559,0.51978,1.7,0.196,608,32.32,30.6,16,3,5900,4.363,-0.12,1.07,0.964,0
"720","K00800.02","Kepler-234 c","CONFIRMED",7.21204152,0.0074,4.0598,1080,0.030183,0.99651,3.51,0.0765,1015,250.42,13.993,51.9,2,6167,4.444,0.07,1.064,1.149,0
"1797","K02473.01","Kepler-389 b","CONFIRMED",3.24416463,0.2809,2.033,410,0.018432,3.06944,1.58,0.0402,1049,285.91,11.95,18.2,2,5380,4.564,-0.2,0.785,0.823,0
"186","K00248.01","Kepler-49 b","CONFIRMED",7.203850636,0.166,2.5556,1930,0.039956,3.94321,2.23,0.0595,493,13.94,22.12,108.7,4,3816,4.755,-0.05,0.51,0.54,0
"1107","K01416.01","Kepler-840 b","CONFIRMED",2.495779623,2e-04,4.26239,26100,0.148213,0.42192,16.06,0.0355,1408,929.47,5.1792,700.3,1,6039,4.426,-0.28,0.992,0.959,0
"20111","K03004.01","Kepler-1407 b","CONFIRMED",20.0711504,0.2205,6.137,370,0.017644,0.71896,2.16,0.1494,736,69.25,24.83,14.1,2,6086,4.38,0.06,1.122,1.101,0
"1395","K01899.01","Kepler-1006 b","CONFIRMED",19.76172042,0.6317,3.5906,396,0.019145,1.8432,2.46,0.1464,791,92.38,33.6,32.6,2,6327,4.327,-0.14,1.175,1.064,0
"371","K00459.02","Kepler-162 b","CONFIRMED",6.91986734,0.0238,3.3292,182,0.012333,1.64288,1.28,0.068,961,201.41,16.08,25.5,2,5815,4.421,-0.3,0.954,0.875,0
"1375","K01876.01","Kepler-991 b","CONFIRMED",82.5342519,0.2818,4.8336,1810,0.037544,6.13734,2.29,0.3067,252,0.95,130.3,37.2,1,4237,4.696,-0.48,0.558,0.564,0
"1979","K02886.01","Kepler-1379 b","CONFIRMED",0.881841146,0.1448,1.3051,278,0.01505,3.46126,1.28,0.0171,1565,1418.14,5.221,20.4,1,5260,4.587,-0.06,0.778,0.856,0
"683","K00756.02","Kepler-228 c","CONFIRMED",4.13443005,0.7964,3.1797,789,0.028445,0.30732,3.02,0.0514,1160,427.65,6.52,41.1,3,6046,4.486,-0.08,0.972,1.053,0
"860","K00936.02","Kepler-732 c","CONFIRMED",0.893041236,0.0468,1.1042,794,0.025471,6.09418,1.22,0.014,886,145.37,6.357,92.7,2,3581,4.814,0.14,0.44,0.46,0
"1269","K01706.01","Kepler-932 b","CONFIRMED",1.921437396,0.2575,1.7519,287,0.01534,2.88,1.43,0.0279,1276,626.79,8.253,57.2,1,5238,4.472,-0.08,0.851,0.784,0
"2108","K03407.01","Kepler-1490 b","CONFIRMED",92.4362973,0.9096,5.709,830,0.031784,0.48412,2.59,0.3726,349,3.51,60.2,17.2,1,5598,4.6,-0.48,0.745,0.806,0
"1947","K02806.01","Kepler-1353 b","CONFIRMED",24.7543966,0.5501,3.532,615,0.023092,3.04244,2.03,0.153,491,13.7,46.2,20.8,1,4852,4.519,0.2,0.804,0.778,0
"489","K00571.02","Kepler-186 d","CONFIRMED",13.34300789,0.8381,2.9002,873,0.030496,0.99717,1.53,0.0862,383,5.1,21.1,51.6,5,3761,4.793,-0.21,0.46,0.48,0
"2196","K04204.01","Kepler-1568 b","CONFIRMED",20.925392,0.0509,6.617,132,0.010416,0.62647,1.38,0.1499,730,66.95,24.39,16,1,5821,4.283,0.1,1.21,1.025,0
"1296","K01779.02","Kepler-318 c","CONFIRMED",11.8150013,0.0481,2.5234,984,0.028571,6.72943,4.59,0.1053,973,211.78,36.756,76.7,2,5903,4.15,0.16,1.47,1.113,0
"1695","K02282.01","Kepler-1174 b","CONFIRMED",6.89225223,0.0864,2.4556,226,0.013786,4.05064,1.4,0.0712,962,202.71,21.67,20.5,1,6046,4.509,-0.2,0.927,1.011,0
"1149","K04054.01",NA,"CANDIDATE",169.133455,0.1775,8.614,672,0.02338,2.28509,1.99,0.5689,278,1.41,151.2,27.3,1,5380,4.588,-0.14,0.779,0.864,1
"620","K00701.03","Kepler-62 e","CONFIRMED",122.3863812,0.1675,7.196,742,0.024288,2.85851,1.73,0.4152,265,1.17,131.3,45,5,4797,4.612,-0.46,0.653,0.637,1
"459","K00538.01","Kepler-593 b","CONFIRMED",21.21708973,0.3099,5.3643,652,0.023639,1.07729,2.6,0.1508,706,58.63,29.49,55.1,1,6191,4.438,-0.24,1.007,1.01,0
"930","K01069.02","Kepler-760 c","CONFIRMED",2.46697439,0.2201,1.5646,330,0.016422,5.32948,2.01,0.0347,1358,804.95,11.97,29.5,2,5423,4.303,0.24,1.119,0.919,0
"352","K00439.01","Kepler-554 b","CONFIRMED",1.902208556,0.0433,2.20773,2340,0.043494,1.70942,3.92,0.0294,1271,616.28,6.8892,340.2,1,5438,4.577,0.07,0.825,0.938,0
"1487","K02010.01","Kepler-1051 b","CONFIRMED",25.96200249,0.1127,6.2696,368,0.017781,0.92007,2.45,0.1792,795,94.31,32,43.8,1,6784,4.29,-0.46,1.264,1.138,0
"1455","K01967.01","Kepler-1029 b","CONFIRMED",4.417696479,0.1179,1.9161,291,0.015203,5.43948,1.2,0.0468,852,124.59,17.77,35.7,1,4911,4.564,-0.22,0.724,0.7,0
"1686","K02273.01","Kepler-1169 b","CONFIRMED",6.11009134,0.1549,2.447,64.3,0.007323,3.47403,0.99,0.0681,1123,376.57,19,18.4,1,5971,4.303,0.16,1.239,1.126,0
"456","K00535.01","Kepler-590 b","CONFIRMED",5.85296257,0.3699,4.6003,1170,0.031751,0.45651,3.51,0.0647,1056,293.93,9.39,158.2,1,6050,4.45,-0.04,1.013,1.05,0
"2009","K07587.01",NA,"CANDIDATE",366.084069,0.3473,11.253,527,0.021209,1.919,2.19,0.9845,257,1.03,238.7,34.1,1,5941,4.464,-0.24,0.945,0.948,1
"1350","K01846.01","Kepler-976 b","CONFIRMED",105.9564148,4e-04,6.986,2410,0.04388,2.98133,3.81,0.4209,322,2.54,120.949,47.3,1,5308,4.583,0.02,0.796,0.887,0
"110","K00159.02","Kepler-115 b","CONFIRMED",2.403643296,0.4118,1.3205,81.6,0.008435,6.89535,0.99,0.0351,1459,1071.38,12.82,17.4,2,5977,4.375,-0.1,1.075,0.999,0
"950","K01106.02","Kepler-769 c","CONFIRMED",15.9870174,0.3369,4.279,210,0.013451,1.50391,1.48,0.1272,773,84.56,27.29,11.3,3,6225,4.461,-0.18,1.009,1.07,0
"1105","K01413.02","Kepler-295 c","CONFIRMED",21.5262569,0.168,8.272,185,0.012383,0.31964,1.2,0.1408,620,35.03,19.86,22.3,3,5607,4.447,-0.34,0.886,0.8,0
"1727","K06425.01",NA,"CANDIDATE",521.10826,0.3485,18.36,245,0.014478,0.6145,1.5,1.2173,231,0.68,206.6,8.7,1,5942,4.432,-0.4,0.947,0.884,1
"1820","K02524.01","Kepler-1268 b","CONFIRMED",40.9903986,0.1111,7.261,346,0.017123,0.93341,2.14,0.2395,610,32.83,43.6,15.8,1,6324,4.356,-0.1,1.147,1.085,0
"1239","K01621.01","Kepler-911 b","CONFIRMED",20.310501,0.102,5.3585,168,0.01188,1.13668,2.53,0.1586,942,185.76,29.16,49.1,1,6081,3.966,-0.03,1.954,1.294,0
"441","K00520.01","Kepler-176 c","CONFIRMED",12.75934834,0.2538,3.5116,939,0.027597,2.45566,2.64,0.1004,682,51.05,27.65,71.6,4,5229,4.47,0.07,0.877,0.826,0
"1881","K02678.01","Kepler-1313 b","CONFIRMED",3.833091178,0.3669,1.372,448,0.019496,10.79002,3.56,0.0454,1432,994.01,20.31,42.2,1,5351,3.921,-0.36,1.671,0.849,0
"1511","K02032.01","Kepler-1063 b","CONFIRMED",14.07971466,0.0309,1.3354,173,0.011957,51.60447,1.15,0.1105,694,54.93,81.47,25.7,1,5568,4.503,-0.04,0.883,0.907,0
"188","K00959.01",NA,"CANDIDATE",12.71379423,0.4454,2.43107,37300,0.182515,9.81468,2.31,0.0485,182,0.26,43.771,6307.8,1,2661,5.283,0,0.116,0.094,1
"1034","K01283.01","Kepler-806 b","CONFIRMED",8.09219642,0.9083,5.455,64.8,0.008845,0.03749,1.86,0.0786,1235,549.98,5.06,37.7,1,5662,3.865,-0.38,1.922,0.989,0
"1954","K02830.01","Kepler-1360 b","CONFIRMED",40.5286413,0.1169,10.526,360,0.017422,0.30277,2.2,0.248,597,29.98,29.73,34.7,1,6269,4.405,0.21,1.155,1.237,0
"2176","K04084.01","Kepler-1549 b","CONFIRMED",214.886545,0.0171,10.11,1010,0.028331,1.90642,2.71,0.6961,266,1.18,166.95,21,3,5375,4.541,0.3,0.876,0.972,0
"93","K00152.01","Kepler-79 d","CONFIRMED",52.09081602,0.021,8.6329,2970,0.050299,0.79088,5.7,0.2807,542,20.34,48.4089,242.6,4,6388,4.442,-0.28,1.037,1.084,0
"2159","K03975.01","Kepler-1536 b","CONFIRMED",364.758031,0.8607,13.006,1620,0.04332,0.2868,2.98,0.8507,166,0.18,126.4,28.6,1,4386,4.629,-0.26,0.63,0.616,0
"810","K00891.01","Kepler-715 b","CONFIRMED",10.00652995,0.8226,5.218,1020,0.032678,0.14661,3.57,0.0933,876,139.21,9.19,70.7,1,6063,4.47,-0.02,1.001,1.079,0
"166","K00232.02","Kepler-122 b","CONFIRMED",5.76616658,0.0659,3.8565,373,0.01773,0.89166,1.84,0.0636,1040,276.44,11.616,64,5,6103,4.496,-0.2,0.949,1.028,0
"63","K00117.01","Kepler-107 e","CONFIRMED",14.74913518,0.6808,6.1887,421,0.019894,0.23102,3.07,0.1227,875,138.71,13.85,107.2,4,5851,4.192,0.27,1.411,1.142,0
"1784","K02444.01","Kepler-1241 b","CONFIRMED",18.5525701,0.5215,4.201,1020,0.029903,1.47924,2.73,0.1334,614,33.61,30,22.5,1,5561,4.557,-0.06,0.836,0.919,0
"318","K00398.03","Kepler-148 b","CONFIRMED",1.729366467,0.114,1.7542,517,0.020406,2.84319,1.87,0.0272,1291,655.74,7.66,50.7,3,5271,4.543,0.14,0.838,0.893,0
"598","K00678.01","Kepler-211 c","CONFIRMED",6.04045294,0.1749,2.0703,273,0.014845,5.74212,2.53,0.0634,1147,409.76,22.29,75.8,2,5244,4.02,0.12,1.56,0.929,0
"643","K00719.01","Kepler-220 c","CONFIRMED",9.034195469,0.3391,1.4895,584,0.021785,20.65342,1.63,0.0765,622,35.28,44.7,97.1,4,4709,4.63,-0.08,0.685,0.731,0
"980","K01165.02","Kepler-783 b","CONFIRMED",4.29264638,0.6565,2.622,62.5,0.007639,0.90656,0.93,0.0487,1218,520.87,9.59,11.7,2,5775,4.267,-0.34,1.114,0.839,0
"1294","K01760.02","Kepler-317 c","CONFIRMED",8.77508519,0.4666,3.293,384,0.018115,1.53878,1.85,0.0827,816,104.68,18.43,14.2,2,5497,4.486,0.26,0.936,0.978,0
"270","K00323.01","Kepler-523 b","CONFIRMED",5.835983111,0.0698,2.0601,547,0.021113,5.9584,1.93,0.0621,892,149.39,22.055,91.8,1,5509,4.565,0.02,0.836,0.937,0
"2205","K04255.01","Kepler-1577 b","CONFIRMED",6.30560247,0.5424,2.468,221,0.013838,2.23018,2.65,0.0657,1125,378.9,16.74,17.9,1,4934,3.927,0.28,1.756,0.952,0
"19241","K02743.01","Kepler-1332 b","CONFIRMED",11.87456832,0.0637,1.9902,227,0.013815,13.16308,1.14,0.0937,699,56.55,46.12,21.5,1,5578,4.57,-0.52,0.757,0.775,0
"1267","K01700.01","Kepler-931 b","CONFIRMED",8.03755877,0.1116,2.7866,297,0.015356,3.22363,1.35,0.0719,744,72.44,22.25,30.9,1,5044,4.511,-0.02,0.804,0.764,0
"104","K00157.02","Kepler-11 d","CONFIRMED",22.68714105,0.0153,5.4835,996,0.02854,1.26293,3.26,0.1528,653,42.95,32.511,130.4,6,5657,4.364,0,1.046,0.921,0
"1039","K01300.01","Kepler-808 b","CONFIRMED",0.631332353,0.12,1.1076,450,0.01906,4.17487,1.1,0.0116,1324,726.72,4.447,100,1,4441,4.71,-0.98,0.53,0.526,0
"1151","K01488.01","Kepler-861 b","CONFIRMED",3.949631375,0.37,1.5788,855,0.026662,7.44905,2.43,0.0463,966,206.05,18.31,43,1,5155,4.523,0.14,0.836,0.849,0
"1983","K07470.01",NA,"CANDIDATE",392.50115,0.1835,9.88,391,0.017596,3.44682,1.9,1.0021,225,0.6,303.9,8.9,1,5128,4.388,0.46,0.988,0.87,1
"109","K00159.01","Kepler-115 c","CONFIRMED",8.99088871,0.1376,4.1029,463,0.019692,1.13453,2.31,0.0847,939,183.99,16.92,94,2,5977,4.375,-0.1,1.075,0.999,0
"2109","K03410.01","Kepler-1491 b","CONFIRMED",16.5861762,0.2568,6.899,231,0.013921,0.4027,1.39,0.1278,695,55.08,18.02,14.4,2,5880,4.518,-0.06,0.917,1.01,0
"1641","K02194.02","Kepler-371 c","CONFIRMED",67.9687026,0.1393,7.899,279,0.015333,1.18355,1.54,0.326,448,9.51,66.12,23.7,2,6038,4.508,-0.22,0.922,1,0
"2071","K03284.01","Kepler-438 b","CONFIRMED",35.23318,0.6614,3.757,403,0.019296,2.61555,0.98,0.1648,273,1.31,55.6,16.4,1,3688,4.788,-0.1,0.463,0.479,1
"550","K00627.02","Kepler-625 c","CONFIRMED",4.1653651,0.0903,3.2895,123,0.010118,1.01057,1.18,0.0533,1202,493.74,9.75,32.5,2,6077,4.444,0.21,1.072,1.165,0
"573","K00659.01","Kepler-637 b","CONFIRMED",23.20584623,0.1081,4.2998,348,0.017269,2.54884,2.76,0.1734,862,130.61,41.71,48.3,1,6722,4.216,-0.14,1.466,1.296,0
"750","K00835.01","Kepler-239 b","CONFIRMED",11.76305946,0.0197,2.9027,1100,0.02941,4.42504,2.36,0.0939,614,33.63,31.87,48.1,2,4980,4.608,-0.04,0.734,0.801,0
"232","K00284.03","Kepler-132 b","CONFIRMED",6.17828255,0.5303,3.18,93.6,0.009122,1.0301,1.04,0.0641,1055,292.35,12.76,14.3,4,5921,4.363,-0.26,1.045,0.919,0
"57","K00115.01","Kepler-105 b","CONFIRMED",5.41220713,0.0975,2.8105,598,0.022571,2.1739,3.28,0.0621,1306,686.92,14.987,198.5,2,6391,4.226,-0.22,1.332,1.085,0
"203","K00261.01","Kepler-96 b","CONFIRMED",16.23846777,0.0755,3.817,643,0.023035,2.6166,2.27,0.1257,682,51.06,33.16,281.7,1,5763,4.527,0.02,0.904,1.002,0
"1924","K07235.01",NA,"CANDIDATE",299.70688,0.1196,15.39,231,0.013829,0.7071,1.15,0.8252,237,0.75,149.7,8.6,1,5606,4.597,-0.4,0.76,0.832,1
"341","K00431.02","Kepler-153 c","CONFIRMED",46.9025112,0.3676,3.9419,834,0.026452,5.68569,2.5,0.2337,458,10.44,87.1,37.3,2,5402,4.452,-0.24,0.865,0.774,0
"1988","K02926.01","Kepler-1388 b","CONFIRMED",12.2854603,0.0153,3.037,1880,0.039013,4.14921,2.23,0.085,427,7.86,32.11,25.6,4,3903,4.735,-0.2,0.523,0.541,0
"1879","K02674.03","Kepler-1311 c","CONFIRMED",2.53573424,0.0753,3.941,72.4,0.007783,0.36227,1.05,0.0364,1539,1326.69,4.975,26.9,3,5988,4.255,-0.12,1.236,1.002,0
"1530","K02051.01","Kepler-355 c","CONFIRMED",25.7624524,0.6319,6.895,674,0.024936,0.349,2.83,0.1765,662,45.27,23,38.5,2,6184,4.448,-0.06,1.038,1.1,0
"1739","K02365.02","Kepler-430 c","CONFIRMED",110.97378,0.2964,12.388,143,0.010952,0.44462,1.48,0.4573,423,7.58,66.1,15.2,2,5831,4.267,0.1,1.238,1.032,0
"1792","K06734.01",NA,"CANDIDATE",498.27269,0.0481,8.92,534,0.020824,6.27252,2.12,1.2449,214,0.5,435,6.6,1,5618,4.514,0.26,0.932,1.033,1
"351","K00438.02","Kepler-155 c","CONFIRMED",52.6615836,0.1574,3.0019,1070,0.029877,17.31175,1.76,0.2267,271,1.28,136.4,36.9,2,3985,4.721,-0.22,0.54,0.56,1
"1221","K01596.02","Kepler-309 c","CONFIRMED",105.3585964,0.8068,3.827,1470,0.039119,4.45517,2.09,0.349,203,0.4,137.8,24.1,2,3880,4.765,-0.28,0.49,0.51,1
"364","K00452.01","Kepler-557 b","CONFIRMED",3.705989551,0.4146,5.1039,519,0.021248,0.1961,2.4,0.0469,1281,637.42,5.22,100.7,1,6187,4.409,-0.26,1.034,0.997,0
"1802","K02485.01","Kepler-1254 b","CONFIRMED",9.99113313,0.1954,2.645,431,0.018642,4.55362,1.54,0.084,679,50.21,28.86,18.1,3,5130,4.579,-0.12,0.756,0.79,0
"595","K00674.01","Kepler-643 b","CONFIRMED",16.33889626,0.1123,9.3575,1790,0.037414,0.18503,10.99,0.1321,972,210.99,13.77,196.6,1,4883,3.639,0.16,2.69,1.15,0
"322","K00408.01","Kepler-150 c","CONFIRMED",7.381977254,0.4861,3.1281,1510,0.036401,1.56427,3.7,0.0733,922,170.48,16.52,124.2,4,5862,4.484,-0.14,0.931,0.963,0
"505","K00581.01","Kepler-610 b","CONFIRMED",6.996926554,0.0232,2.7377,1380,0.033686,3.1783,3.28,0.0719,888,147.07,20.186,117,2,5713,4.541,0.07,0.893,1.01,0
"1583","K02113.02","Kepler-417 b","CONFIRMED",12.33090437,0.1851,3.0549,980,0.028252,3.77691,2.49,0.1006,671,47.99,31.2,29.1,2,5376,4.576,-0.02,0.806,0.897,0
"762","K02770.01",NA,"CANDIDATE",205.38445,0.0931,8.602,1460,0.033542,2.96856,2.31,0.5878,201,0.39,187.8,25.6,1,4400,4.645,-0.2,0.631,0.642,1
"1085","K01364.03","Kepler-292 e","CONFIRMED",11.978822,0.7932,3.937,795,0.028641,0.46761,2.86,0.0997,737,69.63,15.25,26.1,5,5513,4.479,0.08,0.915,0.921,0
"1831","K02552.01","Kepler-1275 b","CONFIRMED",3.65691115,0.2028,2.114,118,0.01003,3.17374,1.19,0.0477,1320,717.83,13.09,16,1,6269,4.399,-0.12,1.087,1.073,0
"1622","K02167.03","Kepler-1129 c","CONFIRMED",76.5369586,0.0644,5.693,712,0.024564,3.74105,2.75,0.3502,471,11.62,105,18.7,2,6240,4.406,-0.38,1.025,0.975,0
"942","K01094.01","Kepler-766 b","CONFIRMED",6.10027804,0.1488,4.7487,893,0.027345,0.50747,2.8,0.066,990,227.15,9.994,44.4,1,5957,4.506,-0.08,0.937,1.026,0
"2040","K03115.01","Kepler-1431 b","CONFIRMED",5.86601526,0.3019,3.978,196,0.012877,0.71412,1.46,0.0648,1064,302.77,10.91,16.2,1,6020,4.427,0.02,1.04,1.051,0
"1893","K02704.02","Kepler-445 b","CONFIRMED",2.984153469,0.5902,1.278,5190,0.068494,8.55118,1.41,0.0224,426,7.81,15.91,19.8,3,3327,5.113,-0.38,0.189,0.169,0
"560","K00645.01","Kepler-633 b","CONFIRMED",8.50340718,0.2223,2.8346,193,0.012871,3.0417,2.18,0.0824,1201,492.55,22.65,27.9,2,6282,4.071,-0.4,1.549,1.03,0
"1990","K02926.03","Kepler-1388 d","CONFIRMED",20.9568158,0.3149,3.558,2190,0.042526,3.85284,2.43,0.1214,357,3.85,44.7,24.5,4,3903,4.735,-0.2,0.523,0.541,0
"981","K01175.01","Kepler-784 b","CONFIRMED",31.5922646,0.3435,13.84,157,0.011467,0.08675,2.24,0.1997,741,71.35,16.6,16.2,2,5611,3.958,0.02,1.791,1.062,0
"279","K00338.01","Kepler-141 c","CONFIRMED",7.01062745,0.7433,3.1196,348,0.018662,0.66301,38.6,0.0703,3021,19697.21,11.99,50,2,4173,1.857,0.06,18.939,0.941,0
"14","K00041.02","Kepler-100 b","CONFIRMED",6.88706037,0.5134,4.4276,73.9,0.008062,0.44013,1.31,0.0727,1163,432.81,10.33,47.9,3,5825,4.125,0.02,1.49,1.08,0
"460","K00541.01","Kepler-594 b","CONFIRMED",13.64618192,0.0595,3.374,667,0.023335,3.1966,2.13,0.1086,681,50.99,31.57,41.6,1,5575,4.558,-0.08,0.834,0.917,0
"1632","K02179.01","Kepler-369 c","CONFIRMED",14.87153514,0.6022,2.582,989,0.029379,4.24262,1.32,0.0894,339,3.13,36.7,27.8,2,3591,4.846,-0.1,0.41,0.43,0
"1448","K01955.04","Kepler-342 c","CONFIRMED",26.2348478,0.0381,2.571,180,0.012378,13.48551,1.59,0.1837,723,64.69,78.87,19.6,4,6475,4.375,-0.06,1.178,1.2,0
"592","K00672.01","Kepler-209 b","CONFIRMED",16.08786478,0.1238,2.9725,641,0.022863,5.40911,2.6,0.1194,719,63.13,41.98,64.8,3,5514,4.344,0.02,1.043,0.876,0
"2219","K04337.01","Kepler-1591 b","CONFIRMED",8.18504949,0.1372,4.214,109,0.009556,0.92539,0.95,0.0794,892,149.41,14.85,14.1,1,5984,4.521,-0.2,0.906,0.993,0
"360","K00446.01","Kepler-158 b","CONFIRMED",16.70920692,0.9227,3.056,893,0.034734,0.50919,2.53,0.1112,500,14.73,19.59,30,2,4621,4.605,-0.24,0.668,0.656,0
"611","K00694.01","Kepler-648 b","CONFIRMED",17.4211749,0.7182,5.0323,931,0.029961,0.46513,2.85,0.1302,661,45.2,19.54,119.8,1,5796,4.544,-0.12,0.871,0.966,0
"36","K00085.02","Kepler-65 b","CONFIRMED",2.154909039,0.6452,3.1774,100,0.009656,0.28072,1.5,0.0354,1726,2097.4,4.1,116.2,3,6169,4.236,0.09,1.424,1.273,0
"2102","K03379.01","Kepler-1484 b","CONFIRMED",30.4549136,0.3665,6.143,530,0.021449,0.96096,2.3,0.1939,624,35.92,36.1,18.1,1,6283,4.472,-0.3,0.984,1.047,0
"1847","K02597.01","Kepler-394 b","CONFIRMED",8.00505342,0.0277,3.326,220,0.013653,1.91232,1.72,0.082,1063,302.24,18.64,16.5,3,6426,4.373,-0.12,1.154,1.145,0
"707","K00784.01","Kepler-231 c","CONFIRMED",19.2715468,0.2575,2.8327,1330,0.033052,7.16212,1.73,0.1125,343,3.28,52,41.2,2,3767,4.783,-0.1,0.48,0.51,0
"156","K00220.01","Kepler-119 b","CONFIRMED",2.422084448,0.1065,2.56327,1920,0.03963,1.35492,3.6,0.0343,1214,513.44,7.49,430.6,2,5588,4.559,-0.1,0.832,0.914,0
"108","K00157.06","Kepler-11 b","CONFIRMED",10.30400497,0.0118,4.2139,320,0.016189,1.22025,1.85,0.0903,849,122.98,18.99,55.3,6,5657,4.364,0,1.046,0.921,0
"1713","K02316.01","Kepler-1188 b","CONFIRMED",17.1369543,0.1021,6.366,395,0.018245,0.58322,2.17,0.1344,781,87.94,20.84,23.4,1,6217,4.405,-0.04,1.09,1.098,0
"400","K00490.01","Kepler-167 b","CONFIRMED",4.393156523,0.0544,2.4197,476,0.019357,2.76561,1.71,0.0482,899,154.44,14.131,60,3,4978,4.511,0.07,0.808,0.772,0
"1275","K01713.02","Kepler-316 b","CONFIRMED",2.240486391,0.2826,1.46,490,0.019601,5.73497,1.19,0.0277,815,104.35,11.5,32.4,2,4132,4.701,-0.38,0.554,0.561,0
"1096","K01402.01","Kepler-832 b","CONFIRMED",7.1396941,0.0467,3.929,553,0.021465,1.0579,2.33,0.075,965,205.23,14.179,27.2,1,6014,4.486,0.07,0.993,1.101,0
"870","K00941.01","Kepler-257 c","CONFIRMED",6.581478842,0.2484,3.1294,2510,0.044931,1.89825,4.77,0.0656,881,142.63,16.32,134.8,3,5188,4.4,0.32,0.973,0.868,0
"282","K00339.02","Kepler-529 c","CONFIRMED",12.8345022,0.6048,3.2666,286,0.016209,1.69356,1.57,0.1065,795,94.39,24.52,33.8,3,6248,4.533,-0.5,0.886,0.977,0
"396","K00484.01","Kepler-572 b","CONFIRMED",17.20523483,0.0431,3.6211,1130,0.030244,3.33442,2.29,0.1194,553,22.18,37.37,74.4,1,5208,4.641,-0.38,0.693,0.771,0
"952","K01108.02","Kepler-770 c","CONFIRMED",1.475322314,0.2162,2.326,161,0.011558,0.97772,0.95,0.0238,1368,827.55,4.827,26.9,3,5513,4.599,-0.36,0.753,0.822,0
"1840","K02586.01","Kepler-1282 b","CONFIRMED",2.131946513,0.2624,1.8179,293,0.015667,2.84853,1.65,0.0333,1383,865.28,8.81,22,1,5825,4.504,0.21,0.965,1.083,0
"358","K00443.01","Kepler-555 b","CONFIRMED",16.21775407,0.2746,4.9296,765,0.025471,1.10236,2.22,0.12,663,45.73,24.84,75.2,1,5834,4.577,-0.44,0.797,0.875,0
"1817","K02520.01","Kepler-1265 b","CONFIRMED",6.49441289,0.3452,2.243,407,0.018177,4.27014,1.47,0.0612,732,68.05,21.19,19.9,1,4769,4.557,0,0.742,0.724,0
"850","K00926.01","Kepler-729 b","CONFIRMED",3.166353714,0.0645,3.3039,1590,0.036383,0.8273,3.97,0.0432,1274,621.92,7.597,134.4,1,6007,4.47,0.02,0.998,1.072,0
"936","K01078.02","Kepler-267 c","CONFIRMED",6.877449897,0.4798,1.3407,1760,0.039291,18.87347,2.02,0.0558,487,13.34,36.1,36.3,3,3807,4.784,-0.26,0.47,0.49,0
"2027","K03060.01","Kepler-1421 b","CONFIRMED",6.9131112,0.0323,4.768,37.9,0.005685,0.54851,0.71,0.0749,1131,386.64,11.15,13,1,6540,4.385,-0.18,1.151,1.173,0
"826","K00904.04","Kepler-55 e","CONFIRMED",4.61746693,0.6,2.1993,493,0.021008,2.0743,1.51,0.0469,744,72.56,13.27,24,5,4505,4.61,-0.2,0.658,0.645,0
"14951","K02019.01","Kepler-1057 b","CONFIRMED",14.08827448,0.1832,4.1615,947,0.028128,1.7086,2.75,0.1138,724,64.97,26.17,39.9,1,5853,4.529,-0.1,0.895,0.99,0
"1723","K02338.01","Kepler-1196 b","CONFIRMED",66.1849031,0.0978,4.788,538,0.021203,5.34075,2.01,0.3146,431,8.18,107.3,20.8,1,5893,4.539,-0.26,0.866,0.946,0
"2154","K03928.01","Kepler-1531 b","CONFIRMED",1.138543376,0.1988,2.0922,67.7,0.007639,1.04402,1.27,0.0217,2414,8028.94,4.151,31.5,1,6522,4.089,-0.54,1.528,1.046,0
"67","K00118.01","Kepler-467 b","CONFIRMED",24.99324193,0.4885,5.9083,272,0.015403,0.72165,2.28,0.1686,719,63.24,28.8,61.4,1,5747,4.182,0.03,1.357,1.023,0
"1738","K02365.01","Kepler-430 b","CONFIRMED",35.9682344,0.068,2.717,281,0.015225,15.72666,2.06,0.2158,616,34.05,102.46,19,2,5831,4.267,0.1,1.238,1.032,0
"1165","K01516.01","Kepler-873 b","CONFIRMED",20.5533844,0.6763,5.0988,759,0.026755,0.60413,3.32,0.1568,753,76.18,23.81,39.9,1,6343,4.411,0.07,1.137,1.213,0
"438","K00518.03","Kepler-174 d","CONFIRMED",247.354265,0.1825,8.686,1320,0.032383,3.3395,2.1,0.6448,194,0.34,221,44.1,3,4590,4.655,-0.64,0.595,0.583,1
"12","K00022.01","Kepler-422 b","CONFIRMED",7.891448474,0.2002,4.30403,10600,0.093941,1.04134,12.24,0.0796,1000,235.93,15.078,2148.2,1,5853,4.318,0.2,1.193,1.08,0
"493","K00572.01","Kepler-187 c","CONFIRMED",10.64022272,0.7636,5.4357,466,0.02153,0.17649,2.58,0.0913,910,161.98,10.18,55.7,2,5945,4.308,-0.34,1.099,0.896,0
"758","K00842.02","Kepler-241 c","CONFIRMED",36.06587916,0.1805,4.3008,1660,0.036145,4.06186,2.71,0.1871,397,5.88,65.37,52.1,2,4702,4.592,-0.22,0.686,0.67,0
"1955","K02832.01","Kepler-1361 b","CONFIRMED",3.57554956,0.7877,2.463,96.5,0.009991,0.52138,1,0.0431,1061,299.19,7.06,16.5,1,5213,4.434,0.14,0.917,0.832,0
"218","K00276.01","Kepler-509 b","CONFIRMED",41.74600392,0.0211,4.6058,420,0.018713,3.80769,2.42,0.2412,585,27.66,70.525,103.8,1,5982,4.321,-0.02,1.185,1.076,0
"1652","K02210.02","Kepler-1143 c","CONFIRMED",210.630591,0.6871,8.675,1970,0.04306,1.31536,3.21,0.605,230,0.66,145.6,27.4,2,4905,4.593,-0.4,0.682,0.665,0
"1533","K02053.02","Kepler-356 b","CONFIRMED",4.61268045,0.0875,3.0018,138,0.01076,1.47406,1.3,0.0556,1207,501.53,11.84,34.2,2,6129,4.38,-0.02,1.108,1.072,0
"1500","K02024.01","Kepler-1060 b","CONFIRMED",46.8779367,0.5285,9.635,571,0.022492,0.29666,2.39,0.238,517,16.85,32.5,39.4,1,5790,4.373,-0.42,0.974,0.818,0
"994","K01203.03","Kepler-276 d","CONFIRMED",48.6476601,0.3058,4.563,621,0.022996,4.01887,2.58,0.2694,525,18,79.5,12.5,3,6102,4.457,0,1.026,1.099,0
"2048","K03141.01","Kepler-1438 b","CONFIRMED",2.31942009,0.4104,1.612,100,0.009273,3.68462,0.86,0.033,1241,561.12,10.16,11.7,1,5551,4.532,-0.1,0.848,0.891,0
"2051","K03147.01","Kepler-1441 b","CONFIRMED",39.4419839,0.0264,7.285,180,0.012209,0.89182,1.11,0.2201,492,13.9,41.86,15.5,1,5749,4.56,-0.24,0.83,0.912,0
"2151","K03916.01","Kepler-1529 b","CONFIRMED",5.33905686,0.0703,1.6507,790,0.025203,10.7205,1.94,0.0525,817,105.25,25.28,26.8,1,5057,4.573,-0.44,0.704,0.676,0
"223","K00280.01","Kepler-1655 b","CONFIRMED",11.87290083,0.0423,2.3661,343,0.017014,7.93445,1.94,0.103,861,129.67,38.96,143,1,6134,4.416,-0.24,1.042,1.032,0
"959","K01117.01","Kepler-774 b","CONFIRMED",11.0895723,0.0102,6.3412,157,0.011532,0.38065,2.49,0.1068,1204,497.11,13.526,38.5,1,6350,3.968,-0.08,1.974,1.322,0
"739","K00825.02","Kepler-237 b","CONFIRMED",4.71510365,0.0687,2.39,451,0.018804,3.06455,1.5,0.0496,824,108.84,15.33,21.2,2,4861,4.574,-0.08,0.732,0.733,0
"168","K00232.04","Kepler-122 e","CONFIRMED",37.9963981,0.9436,7.231,267,0.018653,0.0482,1.93,0.2235,555,22.39,15.44,25.8,5,6103,4.496,-0.2,0.949,1.028,0
"744","K00830.01","Kepler-428 b","CONFIRMED",3.525632561,0.0023,2.614,24000,0.137929,2.46462,11.87,0.0432,955,196.91,11.7433,2112.1,1,5071,4.58,0.16,0.788,0.861,0
"1117","K01426.02","Kepler-297 c","CONFIRMED",74.92771752,0.8133,4.7917,4230,0.066422,1.88515,7.54,0.3532,466,11.1,82.4,157.2,3,6150,4.423,-0.12,1.04,1.04,0
"1225","K01599.01","Kepler-1659 c","CONFIRMED",20.4071345,0.5131,6.642,312,0.016547,0.39768,1.76,0.1473,660,44.8,20.61,24.3,2,5823,4.472,0.06,0.972,1.02,0
"139","K00197.01","Kepler-489 b","CONFIRMED",17.27629612,0.0127,3.94332,10900,0.092902,3.10281,8.34,0.1202,587,27.98,36.5819,916.9,1,5085,4.498,0,0.822,0.775,0
"374","K00464.01","Kepler-561 b","CONFIRMED",58.3620495,0.0467,6.2859,5640,0.067643,2.40514,7.04,0.2918,446,9.33,75.657,304.7,2,5592,4.467,0.16,0.953,0.973,0
"1415","K01916.03","Kepler-336 b","CONFIRMED",2.024820339,0.4312,2.695,68,0.007715,0.67596,0.73,0.0307,1412,938.74,5.27,20.5,3,6029,4.536,-0.4,0.865,0.938,0
"174","K00238.02","Kepler-123 c","CONFIRMED",26.6951659,0.2452,4.505,141,0.010946,2.32377,1.31,0.1756,669,47.48,44.4,14.3,2,6086,4.367,-0.14,1.092,1.012,0
"1430","K01931.03","Kepler-339 c","CONFIRMED",6.98803345,0.2087,2.995,215,0.013364,2.14392,1.18,0.0686,852,124.48,17.69,24.7,3,5627,4.567,-0.24,0.808,0.88,0
"74","K00124.02","Kepler-110 c","CONFIRMED",31.71982498,0.0971,4.8194,371,0.017582,2.48442,3.54,0.201,786,90.37,50.93,62.6,2,5887,3.938,-0.18,1.843,1.075,0
"19201","K02732.03","Kepler-403 c","CONFIRMED",54.2812031,0.5597,5.317,155,0.011788,1.82423,1.43,0.29,525,18.02,65.7,20.5,4,6086,4.389,0.06,1.111,1.102,0
"2251","K04742.01","Kepler-442 b","CONFIRMED",112.306839,0.1552,5.63,614,0.021815,5.46767,1.56,0.393,260,1.08,153.9,12.5,1,4569,4.615,-0.28,0.653,0.641,1
"954","K01110.01","Kepler-771 b","CONFIRMED",8.73485836,0.293,4.444,300,0.015947,0.77515,1.67,0.0843,890,148.62,14.62,24.8,2,5982,4.493,-0.04,0.96,1.047,0
"2158","K03966.01","Kepler-1535 b","CONFIRMED",138.9442,0.2759,10.456,533,0.021343,0.97486,1.97,0.5125,343,3.26,99.8,29.7,1,6049,4.552,-0.46,0.845,0.928,0
"1807","K02491.01","Kepler-1257 b","CONFIRMED",2.668313762,0.2971,2.3659,297,0.01582,1.57121,1.55,0.0376,1252,581.38,8.39,23.9,1,5806,4.528,-0.04,0.899,0.996,0
"2281","K07016.01","Kepler-452 b","CONFIRMED",384.843022,0.2004,10.367,205,0.013018,2.85213,1.13,0.9892,220,0.56,281.6,11.8,1,5578,4.578,-0.24,0.794,0.87,1
"2198","K04215.01","Kepler-1570 b","CONFIRMED",26.548955,0.0955,7.979,147,0.010945,0.44967,2.57,0.1784,836,115.61,25.59,15.8,1,5456,3.802,-0.24,2.154,1.074,0
"2003","K07554.01",NA,"CANDIDATE",482.62011,0.1786,12.86,324,0.016595,1.91938,1.98,1.2328,263,1.12,287,8.1,1,6315,4.389,-0.16,1.095,1.066,1
"242","K00295.01","Kepler-134 b","CONFIRMED",5.317435416,0.159,2.8875,284,0.015421,1.88413,2.58,0.0644,1306,687.55,14.122,89.1,2,6068,4.167,0.22,1.533,1.263,0
"1616","K02162.01","Kepler-1126 b","CONFIRMED",108.593329,0.0463,7.988,350,0.017187,1.8857,1.58,0.4358,375,4.67,105.54,25.1,2,6106,4.556,-0.5,0.844,0.935,0
"1111","K01422.04","Kepler-296 f","CONFIRMED",63.3366606,0.3227,3.37,1110,0.030405,13.08221,1.23,0.2253,199,0.37,140.5,17,5,3517,4.881,-0.07,0.37,0.38,1
"2092","K03348.01","Kepler-1474 b","CONFIRMED",36.4333452,0.004,4.213,454,0.019446,4.35413,2.44,0.2233,606,31.78,67.35,14.2,2,6057,4.367,0.1,1.147,1.118,0
"669","K00738.02","Kepler-29 c","CONFIRMED",13.28689074,13.8538,4.346,1270,12.87936,1.49004,1226.4,0.1088,714,61.37,24,34.4,2,5716,4.544,-0.04,0.872,0.97,0
"2183","K04126.01","Kepler-1555 b","CONFIRMED",8.10501635,0.2763,4.443,232,0.014083,0.72654,1.55,0.081,966,206.27,13.61,17.8,1,6208,4.462,-0.16,1.009,1.072,0
"1943","K02793.01","Kepler-1350 b","CONFIRMED",4.4968604,0.323,1.7864,2300,0.044016,6.52175,2.13,0.0413,535,19.34,19.1,37.5,2,3698,4.811,-0.2,0.444,0.465,0
"1095","K01396.02","Kepler-294 b","CONFIRMED",3.70120482,0.1047,2.4629,364,0.01742,2.17431,1.79,0.0473,1162,431.21,11.634,20.6,2,5910,4.505,-0.02,0.94,1.032,0
"1960","K02838.02","Kepler-1365 c","CONFIRMED",4.77468005,0.1407,3.809,51.3,0.006525,0.72555,0.66,0.0558,1045,281.86,9.56,15.3,2,5831,4.517,0,0.921,1.016,0
"1719","K02333.01","Kepler-380 b","CONFIRMED",3.930871,0.1519,2.973,95.5,0.008968,1.25891,1.07,0.0486,1266,608.08,10.09,21,2,6043,4.352,-0.16,1.097,0.987,0
"1978","K02883.01","Kepler-1378 b","CONFIRMED",11.95398936,0.6008,2.644,994,0.029761,3.19495,2.14,0.0885,525,17.92,28.9,16.9,1,4359,4.611,-0.06,0.659,0.648,0
"419","K00505.04","Kepler-169 d","CONFIRMED",8.34818817,0.8782,2.994,294,0.018666,0.36492,1.91,0.0763,800,97.06,11.04,19.8,5,5173,4.422,0.26,0.939,0.85,0
"1001","K01215.01","Kepler-277 b","CONFIRMED",17.32417247,0.8095,8.169,247,0.016004,0.06278,2.96,0.1363,923,171.81,9.99,50.5,2,5941,4.032,0.04,1.692,1.125,0
"1070","K01339.01","Kepler-823 b","CONFIRMED",4.16809082,0.0971,2.723,280,0.015121,1.80327,1.95,0.0523,1204,496.73,11.831,26.3,1,5739,4.332,0.4,1.183,1.096,0
"58","K00115.02","Kepler-105 c","CONFIRMED",7.12594591,0.1989,2.807,194,0.012899,2.66621,1.88,0.0746,1191,476.01,19.27,56,2,6391,4.226,-0.22,1.332,1.085,0
"1008","K01236.01","Kepler-279 c","CONFIRMED",35.7355719,0.9169,8.995,792,0.030659,0.0435,3.57,0.2191,660,44.88,14.32,72.3,3,6781,4.422,-0.58,1.067,1.097,0
"1781","K06676.01",NA,"CANDIDATE",439.21978,0.2863,9.392,342,0.017205,4.15804,1.81,1.1379,266,1.18,348.7,10.3,1,6553,4.479,-0.64,0.962,1.017,1
"1949","K07345.01",NA,"CANDIDATE",377.502629,0.0211,12.124,540,0.021277,1.90184,2.37,1.0527,266,1.19,242.9,12.7,1,6137,4.46,-0.06,1.018,1.086,1
"1080","K01361.01","Kepler-61 b","CONFIRMED",59.877824,0.1873,4.7539,1380,0.033273,4.93239,2.17,0.2523,272,1.3,97.78,52,1,4014,4.663,0.02,0.596,0.596,1
"1","K00001.01","Kepler-1 b","CONFIRMED",2.470613385,0.8186,1.74259,14200,0.123851,1.83176,12.85,0.035,1344,772.22,8.3922,6802,1,5850,4.455,-0.15,0.95,0.94,0
"655","K00723.03","Kepler-222 c","CONFIRMED",10.08879697,0.9059,1.7496,2180,0.052287,2.44462,4.81,0.0898,734,68.62,23.6,90,3,5431,4.563,0.12,0.843,0.945,0
"1057","K01320.01","Kepler-816 b","CONFIRMED",10.50682565,0.0307,3.7432,15300,0.109971,2.31041,9.41,0.0893,669,47.48,23.8008,369.2,1,5122,4.583,0.1,0.784,0.859,0
"591","K00671.04","Kepler-208 d","CONFIRMED",11.1317519,0.1629,4.185,94.1,0.008915,1.26617,1.29,0.1015,992,229.32,20.24,17.7,4,6220,4.242,0.02,1.328,1.123,0
"877","K00949.01","Kepler-739 b","CONFIRMED",12.53248465,0.6287,4.0098,1270,0.034158,0.90987,3.37,0.1054,775,85.15,19.62,66.1,1,5997,4.522,-0.22,0.904,0.991,0
"1844","K02594.01","Kepler-1286 b","CONFIRMED",11.25402929,0.0292,4.679,477,0.019944,0.98366,2.43,0.0991,888,147.13,18.74,17,1,5995,4.351,-0.04,1.118,1.022,0
"91","K00150.01","Kepler-112 b","CONFIRMED",8.408876951,0.1335,3.4928,805,0.026028,1.7551,2.72,0.0741,914,164.66,18.72,147.3,2,5763,4.361,-0.56,0.957,0.766,0
"1607","K02148.02","Kepler-363 c","CONFIRMED",7.54233911,0.231,4.768,124,0.010129,0.56042,2.35,0.0819,1295,663.99,11.9,23.9,3,5759,3.891,0.3,2.127,1.284,0
"1071","K01341.01","Kepler-824 b","CONFIRMED",4.51436633,0.1693,2.956,243,0.014322,1.48041,1.88,0.0568,1266,607.73,11.68,28.7,1,6235,4.354,0.12,1.204,1.199,0
"1056","K01314.01","Kepler-815 b","CONFIRMED",8.57503552,0.0218,8.545,165,0.01142,0.12089,4.43,0.0905,1394,893.72,7.774,38.2,1,5048,3.465,-0.03,3.549,1.345,0
"1004","K01218.01","Kepler-795 b","CONFIRMED",29.6193421,0.2532,4.9768,321,0.016324,1.93314,1.76,0.1808,579,26.58,44.76,41.9,1,5616,4.401,-0.04,0.988,0.897,0
"748","K00834.04","Kepler-238 b","CONFIRMED",2.09081565,0.2163,3.375,120,0.00999,0.45192,1.05,0.0326,1404,919.65,4.709,19.7,5,5858,4.495,0.1,0.963,1.056,0
"811","K00892.01","Kepler-716 b","CONFIRMED",10.37168453,0.505,3.0479,1340,0.033999,2.2726,2.79,0.0874,669,47.36,23.47,79.1,2,5174,4.604,-0.12,0.751,0.834,0
"372","K00460.01","Kepler-559 b","CONFIRMED",17.58752333,0.3132,4.3821,1450,0.034719,1.69184,4.17,0.1299,719,63.2,30.24,111.2,2,5602,4.33,0.12,1.1,0.944,0
"629","K00708.02","Kepler-216 b","CONFIRMED",7.69364042,0.6896,5.0934,304,0.016979,0.20781,1.91,0.0785,1003,239.66,8.66,58.1,2,6277,4.449,-0.18,1.031,1.085,0
"1655","K02214.01","Kepler-1146 b","CONFIRMED",2.352265797,0.0542,1.707,341,0.01631,4.18781,1.35,0.0324,1027,262.82,10.7,20.4,1,4816,4.593,0.24,0.757,0.82,0
"1838","K02585.01","Kepler-392 b","CONFIRMED",5.34185804,0.307,3.387,69.7,0.007764,1.02978,1.19,0.0619,1360,807.67,11.58,18.4,3,6474,4.188,-0.3,1.403,1.104,0
"158","K00221.01","Kepler-495 b","CONFIRMED",3.413036221,0.0139,2.60753,4180,0.058343,1.9339,4.55,0.0406,986,223.72,10.5995,487.2,2,5332,4.614,-0.42,0.714,0.766,0
"1945","K02798.01","Kepler-1351 b","CONFIRMED",0.916140768,0.0551,1.1495,102,0.008969,5.27372,0.6,0.0156,1210,507.47,6.16,22.9,1,4374,4.639,-0.34,0.614,0.6,0
"1581","K02111.02","Kepler-360 c","CONFIRMED",7.1864526,0.1018,1.4341,417,0.018768,21.41412,2.11,0.0735,998,234.86,38.81,25.5,2,6052,4.424,-0.12,1.028,1.022,0
"1067","K01336.03","Kepler-58 d","CONFIRMED",40.1014272,0.9337,5.732,617,0.028007,0.14334,3.31,0.2307,583,27.31,23,19.6,4,6100,4.376,-0.12,1.083,1.017,0
"1656","K02218.01","Kepler-373 b","CONFIRMED",5.53532955,0.1376,2.8213,271,0.015052,2.11946,1.38,0.0592,962,202.49,15.09,25,2,5783,4.543,-0.28,0.842,0.904,0
"1184","K01536.01","Kepler-889 b","CONFIRMED",3.744439,0.2732,2.9492,74.7,0.007908,1.13172,1.06,0.0486,1295,665.48,9.43,25.1,1,5849,4.3,0.22,1.225,1.094,0
"2098","K03365.01","Kepler-1480 b","CONFIRMED",22.12679948,0.2604,3.686,436,0.018807,3.56233,2.97,0.1525,721,63.98,45.18,28.6,1,5312,4.103,0.34,1.445,0.963,0
"1815","K02509.01","Kepler-1263 b","CONFIRMED",4.55139967,0.7357,2.491,181,0.013329,0.85021,1.14,0.051,920,169,9.76,18.2,1,5310,4.578,-0.08,0.786,0.853,0
"1414","K01916.02","Kepler-336 c","CONFIRMED",9.59993139,0.4069,4.2543,260,0.01504,0.84775,1.42,0.0866,841,117.97,16.04,48.4,3,6029,4.536,-0.4,0.865,0.938,0
"1447","K01955.03","Kepler-342 e","CONFIRMED",1.644224613,0.3188,2.7822,48.5,0.006474,0.57883,0.83,0.029,1820,2595.74,4.357,21.5,4,6475,4.375,-0.06,1.178,1.2,0
"2140","K03791.01","Kepler-460 b","CONFIRMED",440.786134,0.212,21.268,2270,0.044065,0.41292,6.7,1.1455,308,2.14,161.9,181,2,6340,4.163,-0.38,1.393,1.031,0
"327","K00412.01","Kepler-546 b","CONFIRMED",4.147020258,0.0219,2.8969,3850,0.056443,1.70234,7.43,0.0502,1257,590.84,11.567,410.4,1,5818,4.266,-0.02,1.205,0.977,0
"1535","K02055.02","Kepler-1073 c","CONFIRMED",4.02582254,0.0437,2.7665,276,0.015124,1.67964,1.38,0.048,1055,292.8,11.29,24.1,3,5741,4.556,-0.24,0.833,0.91,0
"1816","K02517.01","Kepler-1264 b","CONFIRMED",0.968526023,0.3216,1.2904,128,0.010509,3.41073,0.99,0.0174,1823,2609.51,5.53,19.6,1,5854,4.438,-0.76,0.867,0.752,0
"1855","K02623.01","Kepler-1293 b","CONFIRMED",5.57654784,0.3714,3.745,58.1,0.007118,0.73873,0.9,0.065,1214,513.18,10.67,14.8,2,6528,4.384,-0.16,1.155,1.177,0
"1718","K02331.01","Kepler-1193 b","CONFIRMED",2.832652134,0.2608,2.3844,116,0.009906,1.64886,1.13,0.0397,1375,846.15,8.88,25.6,1,6072,4.414,-0.08,1.047,1.034,0
"1265","K04458.01",NA,"CANDIDATE",358.818075,0.2611,2.449,715,0.024695,200.43622,2.48,0.9572,262,1.11,1109,12,1,6056,4.47,-0.46,0.918,0.908,1
"1088","K01366.01","Kepler-293 b","CONFIRMED",19.25405306,0.124,4.5725,1030,0.029161,1.81242,3,0.1424,657,44.17,32.87,50.6,2,5798,4.507,0.1,0.941,1.038,0
"1379","K01881.01","Kepler-995 b","CONFIRMED",28.26731672,0.1203,4.5693,1210,0.03121,2.6853,2.7,0.1645,507,15.63,48.41,48.7,1,5239,4.511,-0.26,0.792,0.744,0
"1101","K01409.01","Kepler-837 b","CONFIRMED",16.56059504,0.9025,2.2611,711,0.029022,1.46297,2.71,0.1144,702,57.28,27.7,29.2,1,5818,4.436,-0.82,0.855,0.727,0
"704","K00781.01","Kepler-676 b","CONFIRMED",11.59822172,0.798,2.6256,3190,0.057316,1.80753,3.07,0.0802,400,6.07,23.4,71.1,1,3672,4.765,0.09,0.49,0.51,0
"2192","K04192.01","Kepler-1564 b","CONFIRMED",18.0540381,0.4405,4.409,262,0.014976,1.35961,1.39,0.1326,623,35.72,28.6,17.5,2,5576,4.556,0.02,0.852,0.953,0
"1942","K02792.01","Kepler-1349 b","CONFIRMED",2.12823928,0.0176,3.305,25.7,0.004642,0.51433,0.69,0.0338,1678,1875.33,4.975,24.5,1,5998,4.225,-0.2,1.36,1.14,0
"391","K00480.01","Kepler-570 b","CONFIRMED",4.301662003,0.1786,2.0699,761,0.024992,4.21558,2.36,0.0497,1008,244.48,16.036,105.9,1,5480,4.509,-0.04,0.865,0.881,0
"580","K00664.01","Kepler-206 c","CONFIRMED",13.13745719,0.2236,4.8346,221,0.013552,0.9486,1.57,0.1084,795,94.33,20.53,42.3,3,5762,4.38,0.06,1.06,0.981,0
"1841","K02587.01","Kepler-1283 b","CONFIRMED",12.9460978,0.1671,9.583,221,0.013669,0.12463,1.29,0.1062,764,80.34,10.34,15.3,1,6058,4.54,-0.4,0.867,0.95,0
"2101","K03374.01","Kepler-1483 b","CONFIRMED",9.5085156,0.5652,4.381,104,0.009683,0.56111,1.07,0.0899,937,182.21,13.89,12.6,2,6328,4.456,-0.28,1.013,1.069,0
"727","K00812.02","Kepler-235 d","CONFIRMED",20.06037454,0.4436,3.3264,1660,0.037981,3.80036,1.99,0.1155,350,3.53,43.2,35.4,4,3887,4.783,-0.36,0.48,0.51,0
"1602","K02145.01","Kepler-1119 b","CONFIRMED",8.3265153,0.1445,5.383,283,0.015415,0.45899,1.68,0.0812,938,182.69,11.89,28.8,1,6057,4.45,-0.1,1,1.024,0
"531","K00602.01","Kepler-620 b","CONFIRMED",12.91375431,0.9293,6.042,513,0.025157,0.04117,2.74,0.1053,849,122.66,7.13,40,1,6253,4.41,-0.54,0.997,0.93,0
"397","K00486.01","Kepler-573 b","CONFIRMED",22.18329658,0.0253,5.0606,771,0.025415,1.55582,2.06,0.145,583,27.32,34.333,69.2,1,5843,4.614,-0.7,0.742,0.831,0
"260","K00313.02","Kepler-137 b","CONFIRMED",8.43639364,0.7484,3.2819,357,0.018799,0.66887,1.66,0.0786,756,77.27,13.6,78.3,2,5343,4.58,0.06,0.809,0.907,0
"1930","K02751.01","Kepler-1337 b","CONFIRMED",24.4002549,0.8548,2.875,934,0.032855,1.6892,2.42,0.1441,437,8.64,37.6,21.7,1,4583,4.606,-0.16,0.674,0.669,0
"1050","K01307.01","Kepler-287 c","CONFIRMED",44.8521071,0.9112,3.83,822,0.031699,0.76343,3.5,0.2428,522,17.59,43.3,36.5,2,5800,4.404,-0.08,1.012,0.947,0
"1392","K01895.02","Kepler-331 c","CONFIRMED",17.2811521,0.2371,2.7385,1600,0.036056,7.28232,2.05,0.1063,424,7.66,48.62,32.5,3,4345,4.733,-0.86,0.521,0.535,0
"987","K01198.01","Kepler-275 c","CONFIRMED",16.08831829,0.1373,5.664,658,0.02368,0.78039,3.32,0.1375,881,142.11,22.02,30.6,3,6535,4.348,0.21,1.283,1.339,0
"2080","K03308.01","Kepler-1464 b","CONFIRMED",31.7785901,0.0504,8.056,275,0.015069,0.5344,1.53,0.1803,564,23.96,30.56,24.2,2,5638,4.391,-0.42,0.928,0.773,0
"1667","K02236.02","Kepler-375 b","CONFIRMED",12.12582991,0.3344,3.202,344,0.017091,2.76203,1.58,0.1012,743,72.15,27.8,13.7,2,5821,4.554,-0.22,0.848,0.937,0
"1446","K01955.02","Kepler-342 d","CONFIRMED",39.4571522,0.9635,9.619,234,0.018013,0.01345,2.32,0.2412,631,37.52,10.34,40.3,4,6475,4.375,-0.06,1.178,1.2,0
"25","K00070.04","Kepler-20 e","CONFIRMED",6.09853672,0.5636,2.881,74.8,0.008166,1.26256,0.82,0.0626,927,174.3,13.54,23.3,5,5465,4.449,0.02,0.925,0.876,0
"92","K00150.02","Kepler-112 c","CONFIRMED",28.5742649,0.2589,4.9729,848,0.026821,1.92312,2.8,0.1675,608,32.23,43.62,99.8,2,5763,4.361,-0.56,0.957,0.766,0
"2208","K04276.01","Kepler-1580 b","CONFIRMED",56.6449279,0.3679,15.079,95.6,0.009079,0.11569,1.19,0.2875,550,21.65,26.97,22.5,1,6102,4.273,-0.24,1.201,0.985,0
"625","K00707.03","Kepler-33 e","CONFIRMED",31.78476785,0.0639,8.8081,472,0.019804,0.4139,3.66,0.2029,752,75.59,28.065,59,5,5900,4.022,0,1.694,1.1,0
"2078","K03305.01","Kepler-1462 b","CONFIRMED",65.6488341,0.0242,7.431,1540,0.035295,1.49623,3.16,0.3094,390,5.48,69.86,24.4,1,5436,4.573,0,0.819,0.919,0
"1049","K01306.04","Kepler-286 e","CONFIRMED",29.2215101,0.2,3.833,388,0.018086,4.35378,1.79,0.1857,582,27.18,58.14,13.2,4,5970,4.521,-0.18,0.908,0.996,0
"1074","K01344.01","Kepler-826 b","CONFIRMED",4.48758907,0.0142,2.8308,121,0.010131,1.72518,0.89,0.0512,1043,279.55,12.25,26.2,1,5977,4.578,-0.56,0.801,0.887,0
"504","K00580.01","Kepler-609 b","CONFIRMED",6.521210666,0.5228,2.8091,795,0.026505,1.716,2.6,0.0682,932,178.27,15.68,67.9,1,5822,4.529,-0.06,0.898,0.994,0
"235","K00285.02","Kepler-92 c","CONFIRMED",26.72320599,0.2118,8.5096,195,0.012738,0.35563,2.37,0.186,784,89.14,23.77,71.7,3,5871,4.055,0.17,1.703,1.207,0
"2144","K03848.01","Kepler-1522 b","CONFIRMED",1.847889171,0.2183,1.8934,335,0.016749,2.27158,1.56,0.0289,1383,864.2,7.429,49.4,1,5770,4.552,-0.16,0.853,0.943,0
"87","K00148.01","Kepler-48 b","CONFIRMED",4.778004028,0.4512,2.7495,488,0.020317,1.49306,1.89,0.0547,922,170.81,12.17,114.7,3,5296,4.558,0.3,0.852,0.955,0
"1262","K01687.01","Kepler-928 b","CONFIRMED",3.932461302,0.4939,2.1982,525,0.021127,2.2407,1.8,0.0444,894,151.31,12.24,33.2,1,4841,4.533,0.1,0.779,0.756,0
"604","K00688.01","Kepler-645 b","CONFIRMED",3.275822621,0.1397,2.9721,288,0.015691,1.07958,2.18,0.0442,1527,1284.07,8.492,64.5,1,6449,4.259,-0.28,1.273,1.07,0
"27","K00072.01","Kepler-10 b","CONFIRMED",0.837491331,0.0489,1.8076,192,0.012581,1.28818,1.45,0.0168,1968,3545.07,3.628,205.7,2,5627,4.342,-0.15,1.056,0.895,0
"355","K00442.01","Kepler-157 c","CONFIRMED",13.54056874,0.8358,4.5473,489,0.022833,0.2506,2.33,0.1121,762,79.88,13.44,51.7,3,5988,4.507,-0.12,0.934,1.021,0
"76","K00127.01","Kepler-77 b","CONFIRMED",3.578780551,0.0043,2.90682,11700,0.097823,1.63517,10.43,0.0472,1144,405.36,10.3449,2095.1,1,5705,4.497,0.36,0.976,1.09,0
"1509","K02029.02","Kepler-352 b","CONFIRMED",10.05545337,0.1069,2.773,146,0.010833,4.04207,0.89,0.0856,685,51.99,27.85,23.2,4,5238,4.603,-0.16,0.752,0.836,0
"105","K00157.03","Kepler-11 e","CONFIRMED",31.99550624,0.1117,4.1363,1410,0.034028,4.14292,3.89,0.1921,582,27.17,60.749,126.6,6,5657,4.364,0,1.046,0.921,0
"1102","K01410.01","Kepler-838 b","CONFIRMED",15.74957994,0.6256,4.6942,709,0.025568,0.69062,2.85,0.1266,774,84.8,20.8,42.7,1,6178,4.457,-0.1,1.021,1.088,0
"1969","K02857.02","Kepler-1370 c","CONFIRMED",7.44142113,0.0517,4.731,88.4,0.00863,0.60786,1.2,0.0801,1108,355.96,12.12,13.9,2,6292,4.319,0.16,1.276,1.245,0
"706","K00783.01","Kepler-678 b","CONFIRMED",7.27503724,0.4649,7.5206,3150,0.051836,0.1231,4.91,0.0732,833,113.64,7.01,322.7,1,5485,4.556,0.21,0.867,0.986,0
"1043","K01304.01","Kepler-810 b","CONFIRMED",4.59725385,0.3034,2.823,326,0.016655,1.58179,1.74,0.055,1105,352.4,12.09,16.2,1,5999,4.494,-0.06,0.959,1.045,0
"956","K01113.02","Kepler-268 c","CONFIRMED",83.4463335,0.0056,6.521,494,0.020437,2.69729,2.52,0.3835,479,12.43,99.761,36.5,2,6322,4.364,-0.12,1.131,1.074,0
"2042","K03120.01","Kepler-1433 b","CONFIRMED",4.13592271,0.0797,2.789,162,0.011672,1.65579,1.33,0.0523,1215,515.81,11.44,15.1,1,6164,4.446,-0.02,1.045,1.109,0
"123","K00172.02","Kepler-69 c","CONFIRMED",242.46712,0.583,12.549,316,0.016852,0.59849,1.74,0.7106,286,1.59,123,20.7,2,5637,4.399,-0.3,0.943,0.813,1
"698","K00775.01","Kepler-52 c","CONFIRMED",16.38485646,0.0953,2.9708,1170,0.030644,5.69801,1.81,0.1041,392,5.56,43.24,37.3,3,3898,4.721,-0.09,0.54,0.56,0
"1456","K01970.01","Kepler-344 b","CONFIRMED",21.96399084,0.0328,2.7177,772,0.025268,9.93205,2.64,0.1503,643,40.41,63.27,28,2,5774,4.447,-0.1,0.958,0.937,0
"1799","K02482.01","Kepler-1251 b","CONFIRMED",45.0904643,0.1046,3.905,436,0.018969,6.65298,1.86,0.2478,487,13.27,89.4,16.1,1,5790,4.528,-0.02,0.9,0.998,0
"445","K01871.01",NA,"CANDIDATE",92.7296775,0.1434,6.348,1280,0.031487,3.25884,2.15,0.3482,267,1.21,113.99,42.3,2,4528,4.663,-0.3,0.624,0.651,1
"1374","K01875.02","Kepler-990 c","CONFIRMED",0.538354308,0.1093,1.4801,198,0.012927,1.52952,1.31,0.0128,2233,5882.38,2.862,47.6,2,5953,4.485,-0.24,0.926,0.957,0
"286","K00343.02","Kepler-142 b","CONFIRMED",2.024145594,0.4997,2.5008,242,0.014564,0.77079,1.98,0.0306,1610,1587.5,5.51,87.2,3,5726,4.219,-0.06,1.243,0.933,0
"1564","K02094.02","Kepler-1090 b","CONFIRMED",198.680179,0.3376,8.287,774,0.025382,2.67261,2.51,0.619,288,1.63,177.3,18.9,2,5403,4.427,-0.14,0.906,0.8,0
"66","K00117.04","Kepler-107 d","CONFIRMED",7.95830216,0.1553,4.384,58.3,0.00694,0.78668,1.07,0.0813,1075,315.94,13.81,19.3,4,5851,4.192,0.27,1.411,1.142,0
"603","K00685.01","Kepler-644 b","CONFIRMED",3.173917103,0.0609,3.5066,316,0.016354,0.65519,2.95,0.0469,1686,1912.28,7.03991,83.6,1,6440,4.136,0.16,1.653,1.365,0
"418","K00505.03","Kepler-169 b","CONFIRMED",3.25058053,0.2259,2.161,199,0.012646,2.62345,1.3,0.0407,1096,341.13,11.36,22.9,5,5173,4.422,0.26,0.939,0.85,0
"1584","K02114.01","Kepler-1105 b","CONFIRMED",4.421572182,0.7437,2.0749,717,0.026805,1.49364,1.92,0.0461,697,55.8,11.56,33.2,1,4189,4.629,0.22,0.656,0.668,0
"2260","K05416.01","Kepler-1628 b","CONFIRMED",76.378033,0.6067,4.952,14300,0.113193,4.31349,7.24,0.2956,241,0.79,110,37.6,1,3877,4.673,0.21,0.586,0.589,0
"293","K00352.01","Kepler-143 c","CONFIRMED",27.08247084,0.787,4.736,428,0.020846,0.592,2.36,0.1759,644,40.58,28.4,42.5,2,6010,4.401,-0.16,1.037,0.987,0
"1948","K02812.01","Kepler-1354 b","CONFIRMED",76.613377,0.7571,9.762,500,0.022243,0.22525,2.48,0.3522,463,10.9,41.2,28.4,1,6170,4.416,-0.28,1.021,0.989,0
"2061","K03255.01","Kepler-437 b","CONFIRMED",66.6505482,0.0528,5.618,511,0.020124,3.35227,1.37,0.2737,294,1.78,92.33,27,1,4427,4.639,-0.32,0.622,0.615,0
"11491","K01486.01","Kepler-302 c","CONFIRMED",127.2824031,0.8224,7.1515,8830,0.096681,1.1211,9.32,0.4902,352,3.61,98.65,138.8,2,5938,4.532,-0.24,0.883,0.966,0
"45","K00098.01","Kepler-14 b","CONFIRMED",6.790121599,0.0205,6.1391,2250,0.053899,0.29161,12.21,0.0787,1445,1029.51,8.9241,1107.7,1,6378,3.952,-0.02,2.075,1.391,0
"780","K00869.01","Kepler-245 b","CONFIRMED",7.49017229,0.0643,2.7576,1210,0.031177,3.28779,2.98,0.0697,821,107.48,21.36,60.1,4,5257,4.46,-0.02,0.874,0.804,0
"314","K00392.02","Kepler-147 b","CONFIRMED",12.6109708,0.5916,4.659,96.4,0.009344,0.57684,1.29,0.1095,899,154.6,16.93,11.9,2,6010,4.279,0.08,1.26,1.1,0
"1146","K01478.01","Kepler-858 b","CONFIRMED",76.13602028,0.011,7.9602,2980,0.049278,1.47064,5.41,0.3355,425,7.72,76.667,364,1,5565,4.371,-0.06,1.006,0.868,0
"576","K00661.02","Kepler-204 c","CONFIRMED",25.661658,0.2934,4.385,169,0.012017,2.33315,1.36,0.1699,665,46.1,43.3,15,2,6095,4.402,-0.22,1.038,0.992,0
"1900","K07136.01",NA,"CANDIDATE",441.17369,0.3151,14.82,702,0.024204,1.05781,2.27,1.1175,217,0.52,222,11.5,1,5610,4.551,0,0.858,0.953,1
"1869","K07040.01",NA,"CANDIDATE",502.20642,0.9802,9.39,448,0.027256,0.14869,2.18,1.1522,212,0.48,125.6,7.1,1,6018,4.615,-0.98,0.733,0.807,1
"367","K00456.02","Kepler-160 b","CONFIRMED",4.30920108,0.1058,1.052,417,0.018836,32.52435,1.78,0.0498,1078,319.22,31.7,31.6,2,5857,4.51,-0.36,0.867,0.887,0
"411","K00500.03","Kepler-80 d","CONFIRMED",3.072149196,0.6555,1.9974,500,0.021529,1.58142,1.34,0.0347,722,64.33,9.24,40,5,4040,4.697,-0.14,0.57,0.59,0
"1465","K01978.01","Kepler-346 b","CONFIRMED",6.51111985,0.3789,1.5905,713,0.024817,11.79405,2.71,0.0698,1008,243.67,29.8,37.7,2,6032,4.465,-0.02,1.001,1.065,0
"721","K00801.01","Kepler-685 b","CONFIRMED",1.6255222,0.0015,2.38785,8680,0.084375,1.30794,9.74,0.0272,1572,1443.75,5.6742,832.2,1,5717,4.394,0.18,1.057,1.01,0
"349","K00435.06","Kepler-154 f","CONFIRMED",9.91935684,0.7983,4.24,185,0.013894,0.27049,1.26,0.0878,806,99.85,11.21,21.1,5,5937,4.559,-0.4,0.832,0.916,0
"1041","K01301.02","Kepler-284 c","CONFIRMED",37.5140693,0.6545,5.345,1040,0.031058,1.0484,2.8,0.2125,489,13.46,42.7,28.4,2,5614,4.561,-0.14,0.827,0.908,0
"1803","K02485.02","Kepler-1254 c","CONFIRMED",3.60084276,0.3699,1.981,307,0.015976,3.32192,1.32,0.0425,954,196.13,13.16,18.8,3,5130,4.579,-0.12,0.756,0.79,0
"154","K00217.01","Kepler-71 b","CONFIRMED",3.905081985,0.0053,2.85516,22700,0.135684,2.08224,13.14,0.0485,1046,282.59,11.8844,1882.4,1,5543,4.54,0.21,0.887,0.997,0
"1489","K02011.02","Kepler-348 c","CONFIRMED",17.2654644,0.4984,5.167,77.1,0.00827,0.71185,1.07,0.139,824,108.97,22.39,14.7,2,6395,4.369,0.02,1.186,1.198,0
"1704","K06343.01",NA,"CANDIDATE",569.45154,0.206,13.15,400,0.018407,2.09393,1.9,1.3564,225,0.61,329.9,9.9,1,6117,4.496,-0.22,0.947,1.025,1
"578","K00663.01","Kepler-205 b","CONFIRMED",2.755637103,0.6227,1.8503,546,0.022359,1.97675,1.17,0.0307,669,47.27,9.26,99.7,2,3834,4.783,-0.25,0.48,0.51,0
"1190","K01563.01","Kepler-305 b","CONFIRMED",5.48711079,0.7611,2.9031,1580,0.039932,0.68028,3.5,0.0557,855,126.43,10.27,51.1,4,5106,4.511,-0.08,0.803,0.763,0
"1006","K01221.01","Kepler-278 b","CONFIRMED",30.159863,0.7543,7.788,174,0.013186,0.16712,4.23,0.2068,829,111.86,20.03,33.3,2,4991,3.615,0.28,2.935,1.298,0
"1604","K02147.01","Kepler-362 c","CONFIRMED",37.8658982,0.8432,4.948,420,0.021232,0.50496,1.68,0.2054,479,12.44,33.7,26.8,2,5776,4.622,-0.72,0.726,0.807,0
"631","K00710.01","Kepler-217 b","CONFIRMED",5.37493491,0.0376,3.9617,154,0.011491,0.75645,1.81,0.0676,1377,849.39,10.493,49.7,3,6765,4.276,0.21,1.439,1.426,0
"171","K00235.01","Kepler-499 b","CONFIRMED",5.632528453,0.5509,2.153,654,0.02397,3.06979,2.1,0.0598,841,118.31,17.27,74.5,1,5210,4.583,0.14,0.801,0.895,0
"1658","K02220.01","Kepler-374 c","CONFIRMED",3.28280266,0.202,3.2436,146,0.011114,0.79645,1.09,0.0416,1226,533.9,7.68,23.5,4,5975,4.48,-0.44,0.9,0.891,0
"1866","K02649.01","Kepler-1303 b","CONFIRMED",7.56127224,0.1147,2.938,197,0.012788,2.56621,1.25,0.0751,891,149.17,19.79,16.2,1,5853,4.529,-0.1,0.895,0.99,0
"1710","K02311.03","Kepler-1185 b","CONFIRMED",104.3518976,0.0482,3.586,237,0.013952,19.83275,1.44,0.4425,371,4.46,225.2,16.3,1,5754,4.514,0.21,0.943,1.061,0
"1806","K02488.01","Kepler-1256 b","CONFIRMED",12.4127754,0.6519,4.369,108,0.01004,0.57834,1.4,0.1097,972,211.28,16.76,19.8,1,6453,4.281,-0.18,1.28,1.141,0
"2046","K03131.01","Kepler-1437 b","CONFIRMED",10.9295461,0.4473,6.062,221,0.013834,0.31305,1.32,0.0954,773,84.19,12.55,13.9,1,5796,4.544,-0.12,0.871,0.966,0
"1352","K01848.01","Kepler-978 b","CONFIRMED",49.6221509,0.9286,7.093,491,0.024681,0.09556,2.75,0.2682,539,19.89,23.2,56.5,1,6264,4.44,-0.24,1.019,1.036,0
"1601","K02144.01","Kepler-1118 b","CONFIRMED",38.6715075,0.7781,5.567,648,0.025633,0.5646,2.56,0.2079,502,15.03,35.5,24.7,1,5432,4.42,-0.16,0.913,0.801,0
"671","K00740.01","Kepler-659 b","CONFIRMED",17.671796,0.6682,3.2554,1010,0.030615,2.08906,2.33,0.1205,516,16.75,32.6,38.4,1,4867,4.626,-0.16,0.696,0.753,0
"1621","K02167.01","Kepler-1129 b","CONFIRMED",24.3397804,0.5363,3.292,789,0.026607,3.86037,2.98,0.1631,690,53.59,49.4,27.6,2,6240,4.406,-0.38,1.025,0.975,0
"48","K00107.01","Kepler-464 b","CONFIRMED",7.256965224,0.0022,4.8639,462,0.019494,0.56579,3.38,0.0778,1167,439.18,11.6351,168.8,1,5862,4.113,0.27,1.586,1.201,0
"1927","K02747.01","Kepler-1335 b","CONFIRMED",6.26406846,0.1206,2.442,412,0.018068,3.75122,1.61,0.0615,809,101.27,19.82,21.4,1,5032,4.511,0.08,0.817,0.789,0
"2252","K04745.01","Kepler-443 b","CONFIRMED",177.669112,0.2937,8.769,924,0.027215,2.1194,2.2,0.5724,246,0.86,152.4,11.4,1,4907,4.599,0.04,0.739,0.791,1
"1827","K02541.01","Kepler-391 b","CONFIRMED",7.41680902,0.6017,7.12,69.7,0.007908,0.09357,2.21,0.0816,1300,675.25,6.48,18.9,2,5267,3.742,0.02,2.555,1.315,0
"264","K00316.01","Kepler-139 b","CONFIRMED",15.77111583,0.0127,5.0536,537,0.020826,1.09708,2.73,0.1249,768,82.18,24.343,109.8,3,5616,4.298,0.4,1.2,1.044,0
"1234","K01612.01","Kepler-408 b","CONFIRMED",2.465026158,0.4582,1.231,30.6,0.005198,8.01283,0.7,0.0366,1558,1391.8,13.7,28.4,1,6104,4.293,-0.2,1.225,1.079,0
"1507","K05276.01",NA,"CANDIDATE",220.719361,0.1081,8.056,1040,0.028901,3.81479,2.2,0.6506,235,0.72,214.2,11.2,1,5139,4.627,-0.34,0.698,0.755,1
"408","K00499.01","Kepler-579 b","CONFIRMED",9.66857723,0.2078,2.3709,429,0.018662,6.07188,1.7,0.0854,730,67.06,31.07,35.4,1,5288,4.541,0.1,0.836,0.884,0
"229","K00283.02","Kepler-131 c","CONFIRMED",25.5170646,0.4658,5.141,63.1,0.007384,1.12942,0.77,0.1736,600,30.65,33.9,21.2,3,5791,4.505,0.21,0.958,1.071,0
"267","K00318.01","Kepler-522 b","CONFIRMED",38.58422849,0.0098,10.3683,1240,0.032303,0.32134,4.76,0.2425,652,42.78,29.3523,199.5,1,6267,4.283,0.28,1.35,1.279,0
"395","K00483.01","Kepler-571 b","CONFIRMED",4.798599388,0.3144,2.9979,866,0.026937,1.40966,2.49,0.0544,980,217.77,11.97,87.5,1,5632,4.553,-0.08,0.846,0.932,0
"2077","K03303.01","Kepler-1461 b","CONFIRMED",29.3494775,0.4344,4.207,739,0.024865,2.65917,1.96,0.1709,452,9.9,49.5,20.8,1,4986,4.607,-0.12,0.723,0.773,0
"1292","K01751.01","Kepler-949 b","CONFIRMED",8.689307296,0.2037,2.5913,1190,0.030959,4.35145,3.03,0.0774,782,88.24,25.9,74.6,2,5211,4.447,0.08,0.895,0.817,0
"1373","K01875.01","Kepler-990 b","CONFIRMED",9.91723428,0.8058,3.2597,478,0.022233,0.6042,2.25,0.089,847,121.67,14.65,38.2,2,5953,4.485,-0.24,0.926,0.957,0
"163","K00226.01","Kepler-496 b","CONFIRMED",8.30864937,0.0993,3.221,862,0.026368,2.23847,1.97,0.0732,700,56.78,20.14,71.7,1,5188,4.645,-0.4,0.685,0.761,0
"1975","K02869.01","Kepler-1375 b","CONFIRMED",3.3004192,0.2502,4.498,98.8,0.00918,0.29134,1.21,0.0445,1442,1022.14,5.515,26.6,1,6277,4.306,-0.1,1.207,1.073,0
"1885","K02693.01","Kepler-398 b","CONFIRMED",4.081411491,0.836,2.2929,163,0.013541,0.54794,0.97,0.0444,764,80.42,7.84,39.3,3,4494,4.644,-0.04,0.659,0.698,0
"178","K00241.02","Kepler-124 d","CONFIRMED",30.9507608,0.5985,4.182,341,0.017532,1.98949,1.26,0.1733,446,9.38,46.5,23.5,3,5196,4.662,-0.54,0.657,0.724,0
"607","K00692.01","Kepler-213 b","CONFIRMED",2.462342175,0.0293,1.8036,184,0.012353,3.68487,1.21,0.0356,1290,654.26,10.57,42.5,2,5822,4.529,-0.06,0.898,0.994,0
"2002","K02977.02","Kepler-1398 c","CONFIRMED",4.13827595,0.7654,3.449,62.2,0.007873,0.24713,0.84,0.0508,1211,507.63,6.07,17.2,2,6245,4.463,-0.3,0.981,1.015,0
"518","K00590.01","Kepler-193 b","CONFIRMED",11.38839971,0.0759,3.6307,457,0.01968,2.112,2.44,0.1058,917,167.32,24.374,41.8,2,6343,4.411,0.07,1.137,1.213,0
"1029","K01278.03","Kepler-282 b","CONFIRMED",9.2206889,0.1747,4.569,137,0.010781,0.80622,1.04,0.0852,868,134.48,15.36,11.4,4,6102,4.528,-0.38,0.887,0.968,0
"316","K00398.01","Kepler-148 d","CONFIRMED",51.84688575,0.6563,4.7788,10300,0.097849,2.73161,8.95,0.2623,416,7.05,72.95,280.4,3,5271,4.543,0.14,0.838,0.893,0
"1027","K01278.01","Kepler-282 d","CONFIRMED",24.80568031,0.1259,6.1513,665,0.02374,0.94311,2.3,0.1648,624,35.94,31.3,37.9,4,6102,4.528,-0.38,0.887,0.968,0
"1486","K02007.02","Kepler-1050 c","CONFIRMED",21.1284569,0.1658,3.789,176,0.012161,3.26278,1.4,0.1516,707,59.12,42.54,23.3,2,6086,4.411,-0.08,1.052,1.037,0
"494","K00572.02","Kepler-187 b","CONFIRMED",4.93886507,0.3804,4.372,128,0.010501,0.4131,1.26,0.0547,1175,451.27,8.11,21.3,2,5945,4.308,-0.34,1.099,0.896,0
"691","K00762.01","Kepler-666 b","CONFIRMED",4.49876092,0.0463,3.8308,519,0.020882,0.72036,2.21,0.0542,1133,389.62,9.168,30.4,1,6075,4.486,-0.12,0.969,1.048,0
"75","K00125.01","Kepler-468 b","CONFIRMED",38.47875707,0.0154,5.05845,24200,0.14003,3.71454,13.44,0.2213,484,13.01,66.2465,1573.8,1,5510,4.539,0.16,0.879,0.973,0
"496","K00573.02","Kepler-188 b","CONFIRMED",2.061907358,0.1696,1.8687,230,0.013938,2.68246,1.66,0.0316,1562,1406.24,8.45,25.9,2,6020,4.356,-0.14,1.093,0.989,0
"275","K00331.01","Kepler-525 b","CONFIRMED",18.68404933,0.8496,6.907,397,0.02094,0.08757,3.64,0.1387,829,111.55,11.73,61.4,1,5546,4.042,0.14,1.592,1.019,0
"499","K00575.01","Kepler-606 b","CONFIRMED",24.31575992,0.6216,4.1383,664,0.024725,1.56577,2.78,0.1693,679,50.35,36.6,40.9,1,6241,4.45,-0.14,1.031,1.088,0
"1821","K02529.01","Kepler-436 c","CONFIRMED",16.79713874,0.0491,3.238,1160,0.030499,4.5519,1.7,0.1026,423,7.58,40.79,21.6,2,4299,4.728,-0.96,0.511,0.508,0
"1360","K01860.01","Kepler-416 b","CONFIRMED",6.31942727,0.0458,3.2023,598,0.022347,1.73298,2.62,0.0669,1057,294.92,15.409,68.5,4,5977,4.375,-0.1,1.075,0.999,0
"882","K00952.03","Kepler-32 d","CONFIRMED",22.78076945,0.0684,3.2438,2210,0.041898,6.32674,2.29,0.1265,327,2.7,55.78,48.7,5,3727,4.756,0.04,0.5,0.52,0
"2245","K04585.01","Kepler-1616 b","CONFIRMED",6.76284377,0.1156,5.872,56.7,0.006955,0.28392,0.88,0.074,1138,395.94,8.821,15.6,1,6528,4.384,-0.16,1.155,1.177,0
"1112","K01422.05","Kepler-296 e","CONFIRMED",34.14189,0.4093,3.011,852,0.026852,8.80829,1.08,0.1492,244,0.84,81.6,14,5,3517,4.881,-0.07,0.37,0.38,1
"1268","K01702.01","Kepler-1650 b","CONFIRMED",1.538181528,0.1486,1.1027,938,0.026534,10.18602,0.75,0.0163,582,27.14,10.84,45.4,1,3304,4.993,0,0.26,0.242,0
"835","K00908.01","Kepler-720 b","CONFIRMED",4.708326542,0.0078,3.17455,8680,0.084004,1.58713,11.1,0.0539,1162,431.02,12.2979,647.9,1,5560,4.246,0.14,1.21,0.94,0
"1793","K02466.01","Kepler-388 b","CONFIRMED",3.17323306,0.2219,2.0157,215,0.013094,3.16904,0.91,0.0362,830,112.21,11.9,20.5,2,4500,4.632,-0.32,0.633,0.626,0
"266","K00317.01","Kepler-521 b","CONFIRMED",22.20813214,0.1704,7.3225,465,0.019975,0.48567,3.71,0.1655,940,184.67,23.31,93.8,1,6652,4.065,-0.32,1.699,1.225,0
"1905","K02715.01","Kepler-1321 b","CONFIRMED",11.12830484,0.7086,2.7717,7640,0.085957,2.46021,6.63,0.0882,547,21.2,25.3,67,3,4385,4.608,0.38,0.706,0.736,0
"840","K00912.02","Kepler-252 b","CONFIRMED",6.66834872,0.3051,1.912,429,0.018574,7.39154,1.2,0.0588,588,28.25,25.9,14.3,2,4208,4.681,-0.19,0.59,0.61,0
"1073","K01342.02","Kepler-825 c","CONFIRMED",8.1818246,0.085,2.4596,306,0.016141,4.81885,1.71,0.0759,981,218.9,25.74,27.5,2,6224,4.404,-0.72,0.969,0.868,0
"194","K00250.04","Kepler-26 e","CONFIRMED",46.827714,0.162,1.9023,1680,0.036476,61.55369,2.11,0.2085,273,1.32,192.5,29.9,4,3887,4.73,-0.08,0.53,0.55,1
"872","K00941.03","Kepler-257 d","CONFIRMED",24.66459711,0.8222,2.97,2620,0.053368,2.26936,5.67,0.1582,568,24.53,41.8,91.2,3,5188,4.4,0.32,0.973,0.868,0
"509","K00582.03","Kepler-191 b","CONFIRMED",9.93967857,0.166,2.961,301,0.015583,3.25127,1.34,0.0867,701,57.1,25.7,19.5,3,5275,4.59,0,0.787,0.883,0
"1376","K01877.01","Kepler-992 b","CONFIRMED",20.16034462,0.8887,3.8215,336,0.020243,0.38459,3.78,0.1423,767,81.88,20.22,46.7,1,5017,3.947,0.2,1.71,0.943,0
"17811","K02442.02","Kepler-386 b","CONFIRMED",12.3102846,0.2268,3.624,297,0.015528,2.11687,1.26,0.0956,638,39.15,25.69,13.7,2,5177,4.578,-0.22,0.746,0.77,0
"1801","K02484.01","Kepler-1253 b","CONFIRMED",68.8861915,0.5161,5.95,145,0.011343,1.81467,1.25,0.3094,478,12.34,76.9,21.7,1,5995,4.348,-0.58,1.011,0.832,0
"436","K00518.01","Kepler-174 b","CONFIRMED",13.98177228,0.0661,2.9526,1060,0.028932,4.9616,1.88,0.095,507,15.58,37.15,97.9,3,4590,4.655,-0.64,0.595,0.583,0
"1028","K01278.02","Kepler-282 e","CONFIRMED",44.3470995,0.092,6.399,844,0.026731,1.52699,2.59,0.2427,515,16.57,54.15,40.5,4,6102,4.528,-0.38,0.887,0.968,0
"1302","K01790.01","Kepler-952 b","CONFIRMED",130.3546919,0.6584,6.382,5460,0.071381,2.55348,7.91,0.5183,369,4.36,131.9,113.8,1,5970,4.463,0.1,1.015,1.089,0
"2268","K05706.01","Kepler-1636 b","CONFIRMED",425.47785,0.1856,17.848,998,0.028827,0.65412,3.22,1.1546,248,0.89,184.3,17.5,1,5977,4.473,0.21,1.022,1.133,0
"1026","K01275.01","Kepler-803 b","CONFIRMED",50.28638192,0.1226,6.3668,1170,0.031049,1.76339,3.2,0.2551,479,12.44,61.77,95.4,1,5642,4.429,-0.14,0.945,0.875,0
"519","K00590.02","Kepler-193 c","CONFIRMED",50.6984448,0.1254,5.893,623,0.022991,2.1866,2.85,0.2862,558,22.86,66.73,27,2,6343,4.411,0.07,1.137,1.213,0
"689","K00759.01","Kepler-230 b","CONFIRMED",32.62882975,44.5801,6.3644,2070,43.61377,9.51686,3791.05,0.189,506,15.48,81.2,73.8,2,5588,4.563,-0.3,0.796,0.846,0
"2190","K04189.01","Kepler-1562 b","CONFIRMED",64.2737752,0.5556,9.756,1090,0.031375,0.38317,4.72,0.3337,570,25,43.7,27.5,1,6362,4.238,-0.02,1.378,1.199,0
"2177","K04087.01","Kepler-440 b","CONFIRMED",101.1114976,0.0998,8.13,970,0.028269,1.70091,1.47,0.334,201,0.39,97.23,23.9,1,3813,4.767,-0.3,0.477,0.485,1
"633","K00710.03","Kepler-217 d","CONFIRMED",3.88689525,0.4702,3.658,59.1,0.007242,0.47989,1.14,0.0545,1533,1306.8,7.26,21.6,3,6765,4.276,0.21,1.439,1.426,0
"713","K00788.01","Kepler-681 b","CONFIRMED",26.39435646,0.1304,3.4785,1760,0.037396,5.76639,3.16,0.1642,491,13.78,59.66,46.6,1,5127,4.587,0.04,0.775,0.845,0
"2134","K03681.01","Kepler-1514 b","CONFIRMED",217.8317626,0.1882,21.3037,9180,0.088657,0.23428,22.02,0.7308,497,14.38,83.76,1228.1,2,6382,3.764,-0.84,2.274,1.093,0
"728","K00812.03","Kepler-235 e","CONFIRMED",46.18415,0.0682,4.667,1630,0.037059,4.24635,1.94,0.2014,265,1.16,78.23,28.1,4,3887,4.783,-0.36,0.48,0.51,1
"1675","K02252.01","Kepler-1158 b","CONFIRMED",13.5396293,0.2644,4.338,131,0.010604,1.29966,1.55,0.1174,952,194.5,23.27,22.7,1,6398,4.256,-0.08,1.337,1.176,0
"734","K00817.02","Kepler-236 b","CONFIRMED",8.29559431,0.3225,1.1972,890,0.027493,37.86547,1.53,0.0653,462,10.8,51.6,19.2,2,3750,4.755,0.08,0.51,0.54,0
"2253","K04747.01","Kepler-1621 b","CONFIRMED",92.263714,0.1627,9.862,294,0.015778,0.81792,1.96,0.4266,457,10.29,71.7,12.1,1,6343,4.411,0.07,1.137,1.213,0
"621","K00701.04","Kepler-62 f","CONFIRMED",267.283301,0.258,7.806,495,0.019955,4.5533,1.42,0.699,205,0.41,258.1,18.1,5,4797,4.612,-0.46,0.653,0.637,1
"878","K00951.01","Kepler-258 b","CONFIRMED",13.19721496,0.1541,3.4287,2320,0.042638,3.0299,4.12,0.1027,641,40.03,30.33,122.2,2,4954,4.462,0.44,0.885,0.827,0
"1502","K05236.01",NA,"CANDIDATE",550.859839,0.1202,14.592,364,0.01755,1.54259,1.98,1.3554,240,0.79,291.4,22.5,1,6241,4.45,-0.14,1.031,1.088,1
"1378","K01880.01","Kepler-994 b","CONFIRMED",1.151166506,0.842,1.1881,606,0.027026,1.25501,1.56,0.0175,936,181.29,4.45,91.5,1,3855,4.718,-0.1,0.53,0.535,0
"2126","K03468.01","Kepler-1508 b","CONFIRMED",20.7056504,0.1354,9.029,115,0.009764,0.23816,0.98,0.138,655,43.45,17.54,12.8,1,5746,4.421,-0.4,0.921,0.817,0
"1915","K02728.01","Kepler-1326 b","CONFIRMED",42.3514267,0.0374,7.6356,585,0.022399,0.85604,3.44,0.2596,704,57.92,43.3,53.5,1,6856,4.256,-0.18,1.405,1.31,0
"786","K00872.01","Kepler-46 b","CONFIRMED",33.60122066,0.7084,4.4539,7860,0.086951,1.79827,8.83,0.1956,495,14.22,47.52,245.7,2,5149,4.447,0.42,0.93,0.882,0
"1478","K01998.01","Kepler-1044 b","CONFIRMED",6.77408868,0.0282,2.6196,572,0.02196,3.39285,2.61,0.0724,1064,303.05,20.19,35.2,1,6217,4.405,-0.04,1.09,1.098,0
"1764","K02414.01","Kepler-384 b","CONFIRMED",22.5965999,0.1444,6.205,153,0.011242,0.80039,1.12,0.1437,620,34.92,27.85,25.7,2,5585,4.409,-0.38,0.91,0.773,0
"492","K00571.05","Kepler-186 f","CONFIRMED",129.94577,0.7087,5.448,467,0.021063,2.69116,1.06,0.3931,179,0.25,133.9,12.4,5,3761,4.793,-0.21,0.46,0.48,1
"966","K01146.01","Kepler-779 b","CONFIRMED",7.09714223,0.3687,2.244,425,0.018899,4.5421,0.83,0.0537,428,7.93,23,19.5,1,3555,4.846,-0.07,0.4,0.41,0
"1475","K01992.02","Kepler-347 c","CONFIRMED",27.3216332,0.6137,3.763,248,0.015074,2.28765,1.64,0.182,629,37.07,44.9,14.5,3,6092,4.471,-0.06,0.998,1.074,0
"796","K00880.02","Kepler-82 c","CONFIRMED",51.53998542,0.6486,6.695,3920,0.060285,0.85502,6.11,0.2681,471,11.63,49.3,160.3,4,5739,4.488,-0.02,0.928,0.966,0
"1147","K01480.01","Kepler-859 b","CONFIRMED",20.38177573,0.0054,3.7429,1700,0.036746,3.65406,2.87,0.1343,519,17.11,43.13,48.1,2,5100,4.621,-0.24,0.714,0.785,0
"871","K00941.02","Kepler-257 b","CONFIRMED",2.382652169,0.1489,1.9085,794,0.025163,3.03443,2.67,0.0333,1237,553.53,9.69,47.5,3,5188,4.4,0.32,0.973,0.868,0
"1334","K01832.01","Kepler-325 b","CONFIRMED",4.544437773,0.0294,1.7405,907,0.027448,7.88553,2.94,0.0517,1105,352.71,20.495,55.3,3,5749,4.404,-0.18,0.982,0.892,0
"2279","K06233.01","Kepler-1645 b","CONFIRMED",16.1779561,0.5092,5.269,299,0.016193,0.63558,1.89,0.1285,754,76.54,20.64,20.8,1,5929,4.413,0.14,1.069,1.079,0
"1926","K02745.01","Kepler-1334 b","CONFIRMED",15.64591713,0.328,4.012,626,0.023044,1.86149,2.31,0.1229,710,60.08,28.88,26.5,1,5896,4.518,-0.08,0.916,1.008,0
"1541","K02067.01","Kepler-1079 b","CONFIRMED",13.24503188,0.0777,4.367,157,0.011328,1.37647,3.14,0.1231,1152,416.84,23.371,37,1,5750,3.779,0.38,2.541,1.416,0
"1495","K05202.01",NA,"CANDIDATE",535.93723,0.5968,11.85,337,0.017502,1.52135,1.83,1.3107,227,0.63,285,8.8,1,6014,4.494,-0.08,0.958,1.043,1
"1997","K02956.01","Kepler-1394 b","CONFIRMED",3.93766373,0.098,4.916,23.9,0.004525,0.28319,0.75,0.0536,1579,1470.37,6.146,18.3,1,6712,4.194,-0.06,1.525,1.331,0
"1300","K01787.01","Kepler-950 b","CONFIRMED",98.7180406,0.3504,6.4184,7600,0.080544,3.3628,6.97,0.3993,363,4.1,120.1,107.5,1,5838,4.579,-0.46,0.793,0.87,0
"917","K01050.02","Kepler-755 c","CONFIRMED",2.853133644,0.2661,1.4352,287,0.015337,7.67757,1.29,0.0355,1047,284.47,14.89,39.8,2,5095,4.529,-0.2,0.771,0.733,0
"1751","K02389.01","Kepler-1218 b","CONFIRMED",22.9221266,0.5481,8.261,150,0.01156,0.21129,1.36,0.1564,684,51.7,18.04,24.5,1,5897,4.357,-0.1,1.081,0.97,0
"1203","K01576.01","Kepler-307 b","CONFIRMED",10.41572924,0.7038,2.7791,878,0.028979,1.73492,3.43,0.0928,855,126.3,21.51,80,2,5671,4.36,0.16,1.084,0.983,0
"1776","K02436.01","Kepler-1237 b","CONFIRMED",84.5733226,0.1557,5.715,1040,0.028914,4.01964,2.8,0.3778,366,4.26,115,20.3,1,5418,4.543,0.36,0.888,1.005,0
"18","K00046.02","Kepler-101 c","CONFIRMED",6.02979518,0.4143,3.91,55.5,0.006862,0.66141,0.91,0.0675,1075,315.74,10.83,11.5,2,5761,4.325,0.48,1.208,1.125,0
"787","K00872.02","Kepler-46 d","CONFIRMED",6.76652078,0.5891,2.9869,512,0.021329,1.24902,2.17,0.0672,845,120.48,14.46,25.1,2,5149,4.447,0.42,0.93,0.882,0
"1920","K07223.01",NA,"CANDIDATE",317.058383,0.0254,9.875,453,0.019221,2.93765,1.53,0.8353,221,0.57,249.92,9.1,1,5370,4.599,-0.4,0.73,0.772,1
"1171","K01522.01","Kepler-879 b","CONFIRMED",33.3855938,0.6528,5.0514,558,0.022755,1.06685,2.54,0.2012,580,26.73,39.8,36.7,2,5833,4.407,-0.04,1.022,0.974,0
"1297","K01781.01","Kepler-411 c","CONFIRMED",7.834427877,0.1189,2.7856,2050,0.040188,3.37694,3.37,0.0726,715,61.95,22.21,253.4,3,4987,4.586,0.12,0.768,0.829,0
"1181","K01534.01","Kepler-887 b","CONFIRMED",20.42228798,0.0521,6.192,188,0.012627,0.75106,1.62,0.1543,781,87.97,25.49,34.8,2,6422,4.369,-0.06,1.173,1.175,0
"1928","K02748.01","Kepler-1336 b","CONFIRMED",23.198681,0.0022,9.729,229,0.013729,0.2217,1.3,0.157,592,28.95,18.476,28.5,2,5717,4.546,-0.08,0.864,0.958,0
"861","K00937.01","Kepler-733 b","CONFIRMED",20.83424726,0.4935,4.0748,1030,0.029888,1.91956,2.87,0.1483,595,29.62,35.3,43.6,1,5537,4.549,0.21,0.88,0.999,0
"805","K00886.02","Kepler-54 c","CONFIRMED",12.07135949,0.6377,4.7364,730,0.025866,0.49912,1.33,0.0812,395,5.78,15.67,28.3,3,3726,4.784,-0.12,0.47,0.49,0
"1605","K02147.02","Kepler-362 b","CONFIRMED",10.32738017,0.1957,1.944,134,0.010651,11.56076,0.84,0.0864,739,70.33,40.2,10.2,2,5776,4.622,-0.72,0.726,0.807,0
"729","K00812.04","Kepler-235 c","CONFIRMED",7.82501206,0.5144,2.23,608,0.023213,4.12249,1.22,0.0617,478,12.36,23.7,15,4,3887,4.783,-0.36,0.48,0.51,0
"944","K01101.01","Kepler-768 b","CONFIRMED",11.3910025,0.0917,2.297,556,0.020947,8.33869,1.74,0.0926,632,37.65,38.53,10.6,1,4999,4.587,0.06,0.76,0.814,0
"454","K00534.01","Kepler-179 c","CONFIRMED",6.400147394,0.6696,1.8672,788,0.027207,3.92897,2.26,0.0637,807,100.33,20.41,50.1,2,5294,4.599,-0.16,0.761,0.849,0
"1909","K07179.01",NA,"CANDIDATE",407.14656,0.7466,23.26,82.3,0.008994,0.08531,1.18,1.0765,272,1.29,90.8,8.2,1,5845,4.282,0.02,1.198,1.001,1
"52","K00111.01","Kepler-104 b","CONFIRMED",11.42754563,0.1238,4.5598,509,0.020712,1.05883,3.08,0.0928,972,211.16,19.407,163.2,3,5755,4.081,-0.52,1.361,0.814,0
"1351","K01847.01","Kepler-977 b","CONFIRMED",26.85328322,0.4229,4.5063,1000,0.029126,2.04472,2.76,0.162,544,20.77,42.7,52.4,1,5329,4.455,-0.14,0.869,0.786,0
"847","K00921.03","Kepler-253 b","CONFIRMED",3.78403393,0.0963,1.9535,479,0.019591,4.48753,1.69,0.0455,959,199.71,15.03,27.2,3,5216,4.584,0.06,0.79,0.874,0
"1691","K02279.01","Kepler-377 c","CONFIRMED",27.0141783,0.0564,5.336,296,0.015809,1.56542,1.58,0.1723,626,36.35,39.23,25.7,2,6167,4.487,-0.5,0.913,0.933,0
"2247","K04622.01","Kepler-441 b","CONFIRMED",207.247959,0.6108,6.355,888,0.028131,3.85244,1.93,0.5843,194,0.34,206,13.9,1,4243,4.632,-0.12,0.629,0.617,1
"26","K00070.05","Kepler-20 f","CONFIRMED",19.5776286,0.3268,3.744,116,0.009811,2.74647,0.99,0.1362,628,36.82,38.2,23,5,5465,4.449,0.02,0.925,0.876,0
"937","K01078.03","Kepler-267 d","CONFIRMED",28.46462622,0.3379,2.7539,1810,0.039236,10.91168,2.01,0.1439,303,2.01,77.6,30.5,3,3807,4.784,-0.26,0.47,0.49,0
"1537","K02058.01","Kepler-1075 b","CONFIRMED",1.52372816,0.9137,1.4652,382,0.023525,0.44216,1.38,0.0214,862,130.37,3.79,33.5,1,3900,4.726,-0.1,0.537,0.559,0
"1145","K01474.01","Kepler-419 b","CONFIRMED",69.7266406,1.1032,5.4861,4590,0.197185,0.35859,30.64,0.3608,551,21.75,45.17,196.7,1,6287,4.241,0.22,1.423,1.292,0
"2142","K03794.01","Kepler-1520 b","CONFIRMED",0.653553572,0.8829,1.5399,4350,0.073866,0.47074,5.32,0.0129,1436,1004.07,2.199,239.6,1,4550,4.622,-0.18,0.66,0.666,0
"2117","K03436.01","Kepler-1499 b","CONFIRMED",44.2008,0.6811,4.678,222,0.014443,1.54773,1.19,0.2196,409,6.59,54.3,14,1,5002,4.543,-0.18,0.753,0.723,0
"1209","K01585.01","Kepler-899 b","CONFIRMED",19.17891293,0.2563,5.2,852,0.026691,1.13098,2.57,0.1392,640,39.65,28.02,35.2,1,5767,4.538,-0.06,0.881,0.979,0
"1681","K02261.01","Kepler-1164 b","CONFIRMED",3.97599768,0.3988,2.1411,216,0.01345,2.77379,1.22,0.0456,982,219.69,13.23,27.9,1,5211,4.5,-0.04,0.832,0.799,0
"177","K00241.01","Kepler-124 c","CONFIRMED",13.82139306,0.8474,3.7559,852,0.030628,0.44622,2.2,0.1012,584,27.5,16.52,74.9,3,5196,4.662,-0.54,0.657,0.724,0
"1431","K01932.01","Kepler-340 c","CONFIRMED",22.8245485,0.0484,6.499,313,0.016406,0.73443,5.69,0.2001,1448,1040.56,27.25,15.1,2,8241,3.745,-0.1,3.177,2.046,0
"709","K00785.01","Kepler-679 b","CONFIRMED",12.39358604,0.8214,3.7222,1010,0.032709,0.49933,2.69,0.0978,680,50.46,15.95,36.1,1,5557,4.594,-0.42,0.752,0.811,0
"1490","K02012.01","Kepler-1052 b","CONFIRMED",34.8538276,0.0252,5.3577,842,0.026443,2.06568,2.45,0.2045,524,17.8,51,40.7,1,5835,4.554,-0.24,0.847,0.935,0
"1437","K01940.01","Kepler-1022 b","CONFIRMED",10.99469878,0.7745,1.6434,972,0.031603,6.61712,2.02,0.0805,512,16.24,34.8,39.2,1,4302,4.661,-0.44,0.586,0.573,0
"461","K00542.01","Kepler-180 c","CONFIRMED",41.8854834,0.0481,6.1028,695,0.02395,1.66339,2.69,0.2259,540,20.05,53.63,49,2,5735,4.356,-0.2,1.028,0.875,0
"1285","K01726.01","Kepler-942 b","CONFIRMED",44.96417488,0.5005,5.0412,805,0.026085,2.12768,2.02,0.2245,367,4.28,61,94.4,1,4684,4.61,0.04,0.708,0.743,0
"1870","K02654.01","Kepler-1305 b","CONFIRMED",13.5630972,0.1151,5.632,387,0.017944,0.6637,1.75,0.1109,733,68.41,18.62,15.3,1,5853,4.529,-0.1,0.895,0.99,0
"731","K00814.01","Kepler-689 b","CONFIRMED",22.36656079,0.0848,5.151,1100,0.029896,1.49344,2.45,0.1448,544,20.67,34.05,30.8,1,5413,4.594,-0.32,0.751,0.807,0
"615","K00700.02","Kepler-215 b","CONFIRMED",9.36063971,0.8073,3.1621,248,0.01603,0.58992,1.76,0.0812,892,149.82,13.98,42.3,4,5741,4.341,-0.38,1.008,0.813,0
"1441","K01952.01","Kepler-341 c","CONFIRMED",8.01041305,0.0077,4.2666,297,0.015753,0.91377,1.73,0.0784,948,190.85,14.58,37.2,4,6008,4.435,-0.14,1.003,1,0
"1753","K02392.01","Kepler-1220 b","CONFIRMED",7.42693741,0.0304,2.848,227,0.013767,2.82352,1.37,0.0685,923,171.3,20.19,16.8,1,5745,4.412,-0.52,0.908,0.778,0
"653","K00723.01","Kepler-222 b","CONFIRMED",3.936993706,0.4625,1.8222,1400,0.034649,4.36488,3.19,0.048,1004,240.16,15.29,86.6,3,5431,4.563,0.12,0.843,0.945,0
"1048","K01306.03","Kepler-286 d","CONFIRMED",5.91428767,0.3214,2.678,260,0.014884,2.32177,1.48,0.064,992,228.83,16.25,16.3,4,5970,4.521,-0.18,0.908,0.996,0
"1661","K02221.01","Kepler-1147 b","CONFIRMED",10.62784997,0.9165,5.013,354,0.020749,0.06625,2.3,0.0961,871,136.34,7.34,21.3,1,6082,4.445,-0.08,1.014,1.041,0
"814","K00896.02","Kepler-248 b","CONFIRMED",6.308203234,0.4164,3.0266,1450,0.034583,1.6353,3.16,0.0654,810,101.52,15.1,92.2,3,5130,4.564,0.48,0.837,0.936,0
"989","K01198.03","Kepler-275 d","CONFIRMED",35.6756963,0.5275,7.351,541,0.022012,0.50839,3.08,0.2338,675,49.15,32.5,18.2,3,6535,4.348,0.21,1.283,1.339,0
"1899","K02708.01","Kepler-1320 b","CONFIRMED",0.868386528,0.4646,1.0575,538,0.021471,4.76821,1.71,0.0164,1409,930.93,5.75,38,1,4790,4.602,0.08,0.729,0.776,0
"2011","K07591.01",NA,"CANDIDATE",328.32211,0.1169,13.53,399,0.017786,1.15674,1.3,0.8367,193,0.33,187.5,8.2,1,4906,4.648,-0.32,0.668,0.736,1
"2181","K04117.01","Kepler-1553 b","CONFIRMED",4.24261881,0.3441,2.658,205,0.013048,1.65514,1.11,0.0489,939,183.5,11.63,15.9,1,5328,4.591,-0.1,0.78,0.875,0
"217","K00275.02","Kepler-129 c","CONFIRMED",82.2000105,0.0213,10.595,220,0.013406,0.60633,2.4,0.3919,521,17.39,60.05,44.6,2,5770,4.082,0.29,1.641,1.197,0
"2161","K04005.01","Kepler-439 b","CONFIRMED",178.140456,0.6618,10.104,800,0.027295,0.70658,2.33,0.5886,284,1.54,105.8,21,1,5592,4.584,-0.3,0.782,0.856,1
"95","K00152.03","Kepler-79 b","CONFIRMED",13.48458665,0.0862,5.0575,684,0.024132,0.9355,2.73,0.114,850,123.31,20.79,82.4,4,6388,4.442,-0.28,1.037,1.084,0
"69","K00119.02","Kepler-108 c","CONFIRMED",190.3216564,0.8046,15.234,1120,0.034051,0.12445,8.15,0.7235,449,9.65,62,141.8,2,5854,3.9,0.31,2.192,1.377,0
"1427","K01930.04","Kepler-338 e","CONFIRMED",9.34144548,0.8523,6.215,78.8,0.009273,0.0535,1.76,0.0906,1143,403.94,6.27,28.5,4,5923,4.015,-0.07,1.735,1.142,0
"635","K00711.02","Kepler-218 b","CONFIRMED",3.619312195,0.7921,3.0823,217,0.014986,0.27598,1.72,0.0459,1161,429.26,5.76,50.5,3,5497,4.386,0.36,1.052,0.983,0
"2052","K03158.02","Kepler-444 c","CONFIRMED",4.545878442,0.3425,1.7367,44,0.006064,6.20697,0.39,0.0458,799,96.19,18.93,38.8,4,5032,4.683,-0.96,0.593,0.618,0
"964","K01141.01","Kepler-777 b","CONFIRMED",5.72812599,0.0557,1.9804,716,0.024205,6.65978,1.51,0.0526,590,28.7,22.605,20.6,1,4065,4.697,-0.13,0.57,0.59,0
"2236","K04474.01","Kepler-1608 b","CONFIRMED",16.4735686,0.0605,4.231,574,0.021851,1.94798,1.8,0.1126,612,33.22,30.35,13,1,5364,4.529,-0.54,0.754,0.702,0
"1867","K02650.01","Kepler-395 c","CONFIRMED",34.9894475,0.8691,4.718,656,0.028586,0.46844,1.25,0.1561,264,1.14,31.2,14.1,2,3735,4.851,-0.5,0.4,0.413,1
"182","K00245.01","Kepler-37 d","CONFIRMED",39.79223792,0.0269,4.4474,604,0.022246,4.07176,1.88,0.2121,456,10.21,69.85,241.7,2,5417,4.567,-0.32,0.772,0.803,0
"38","K00087.01","Kepler-22 b","CONFIRMED",289.864456,0.0175,6.977,502,0.020319,7.64288,2.17,0.8489,267,1.21,323.8,55.9,1,5642,4.443,-0.27,0.979,0.97,1
"2269","K05827.01","Kepler-1637 b","CONFIRMED",6.10960324,0.087,5.585,68.6,0.007618,0.30143,0.84,0.0596,1093,337.78,8.41,18.1,1,6024,4.309,-0.88,1.009,0.756,0
"745","K00834.01","Kepler-238 e","CONFIRMED",23.65368621,0.0152,8.2164,3570,0.054296,0.4218,5.71,0.1644,625,36.16,23.193,261,5,5858,4.495,0.1,0.963,1.056,0
"1238","K01618.01","Kepler-910 b","CONFIRMED",2.364369015,0.141,3.2852,28.8,0.004921,0.5638,0.81,0.0376,1723,2084.81,5.503,29.7,1,6173,4.186,0.17,1.506,1.27,0
"1271","K01707.02","Kepler-315 c","CONFIRMED",265.467621,0.9375,9.443,1150,0.038648,0.23769,3.64,0.7584,269,1.24,96,17.8,2,5724,4.483,-0.4,0.862,0.824,0
"463","K00543.01","Kepler-181 c","CONFIRMED",4.302143627,0.1935,1.9687,767,0.025041,4.86015,2.08,0.0488,927,174.86,16.82,63.3,2,5324,4.597,-0.18,0.761,0.84,0
"1097","K01403.01","Kepler-833 b","CONFIRMED",18.7546998,0.1057,3.0681,1090,0.029667,5.88599,1.75,0.1139,382,5.03,47.83,33.8,1,3977,4.721,-0.2,0.54,0.56,0
"2085","K03319.02","Kepler-1468 b","CONFIRMED",8.23984869,0.1804,5.617,264,0.014875,0.39233,1.59,0.0805,917,167.45,11.21,30.5,3,5973,4.469,-0.06,0.976,1.019,0
"2079","K03306.01","Kepler-1463 b","CONFIRMED",25.15864,0.2051,5.18,381,0.017886,1.51347,1.83,0.1694,619,34.7,37,12,1,5973,4.506,-0.1,0.935,1.024,0
"733","K00817.01","Kepler-236 c","CONFIRMED",23.9679932,0.3729,3.826,1310,0.033284,3.23076,1.85,0.1325,325,2.62,46.1,30.6,2,3750,4.755,0.08,0.51,0.54,0
"816","K00898.01","Kepler-83 b","CONFIRMED",9.77045194,0.0447,2.4764,2120,0.041745,6.12072,2.37,0.0729,459,10.46,31.38,54.5,3,3893,4.738,-0.15,0.52,0.54,0
"544","K00623.04","Kepler-197 e","CONFIRMED",25.2099845,0.6507,6.372,57.2,0.007296,0.37423,0.89,0.1638,693,54.37,23.3,18.1,4,6004,4.304,-0.38,1.12,0.922,0
"1195","K01567.02","Kepler-306 b","CONFIRMED",4.64621076,0.1602,2.3526,476,0.019546,3.07953,1.82,0.0521,930,177.15,15.2,27.5,4,5219,4.519,0.16,0.851,0.871,0
"373","K00463.01","Kepler-560 b","CONFIRMED",18.47764449,0.042,1.8777,2800,0.047899,27.02266,1.57,0.0916,270,1.26,78.71,72.1,1,3387,4.961,-0.09,0.3,0.3,0
"1266","K01695.01","Kepler-930 b","CONFIRMED",71.4517775,0.0884,6.024,238,0.014165,2.84239,2.3,0.3475,561,23.44,91.54,16.5,1,6148,4.132,-0.1,1.488,1.094,0
"1952","K02827.01","Kepler-1358 b","CONFIRMED",7.06317341,0.4332,2.261,199,0.013006,3.96348,1.16,0.0656,826,110.22,21.86,17.9,1,5305,4.489,-0.26,0.818,0.753,0
"2016","K03015.01","Kepler-1412 b","CONFIRMED",3.6146051,0.316,3.188,45.2,0.006232,0.82742,0.61,0.0439,1206,500.17,8.3,15.7,1,6042,4.467,-0.58,0.899,0.864,0
"1706","K02303.01","Kepler-1181 b","CONFIRMED",4.89337519,0.0961,3.316,138,0.010879,1.15805,1.57,0.0621,1358,803.93,11.36,23.1,2,6680,4.323,0.07,1.319,1.334,0
"696","K00769.01","Kepler-671 b","CONFIRMED",4.280958588,0.3248,2.8753,786,0.025727,1.40607,2.33,0.05,1014,250.32,11.09,60.8,1,5641,4.556,-0.16,0.831,0.908,0
"17041","K02300.01","Kepler-1179 b","CONFIRMED",2.685057492,0.1258,1.0229,268,0.014848,21.6335,1.34,0.0346,1137,395.08,20.2,32,1,5266,4.484,-0.18,0.829,0.765,0
"1754","K02397.01","Kepler-1221 b","CONFIRMED",12.00096042,0.6961,3.433,480,0.021361,1.04718,1.61,0.0906,632,37.81,19.98,22.8,1,5195,4.598,-0.56,0.69,0.688,0
"1079","K01360.02","Kepler-290 b","CONFIRMED",14.58932462,0.1002,2.4,865,0.026295,9.48752,2.18,0.1103,596,29.88,47.44,31.8,3,5153,4.602,-0.04,0.759,0.848,0
"1323","K01820.02","Kepler-322 b","CONFIRMED",1.653893465,0.2852,1.684,135,0.010657,2.6926,0.96,0.0247,1403,915.4,7.3,30.3,2,5496,4.471,-0.46,0.827,0.738,0
"1608","K02148.03","Kepler-363 b","CONFIRMED",3.61461353,0.1539,3.188,68.1,0.007487,0.93574,1.74,0.0501,1655,1774.42,8.65,13.7,3,5759,3.891,0.3,2.127,1.284,0
"577","K00662.01","Kepler-639 b","CONFIRMED",10.21420496,0.5706,5.8558,312,0.016734,0.25739,2.17,0.0915,929,176.4,11.24,77.7,1,5850,4.28,-0.04,1.187,0.98,0
"1257","K01665.01","Kepler-923 b","CONFIRMED",6.93366476,0.1388,4.322,129,0.010401,0.72847,1.28,0.0759,1054,291.47,12.28,20.1,1,6194,4.415,0.21,1.129,1.208,0
